classifier,method,ratio,f1,f1_sd,auprc,auprc_sd,mcc,mcc_sd
LogisticRegression,adasyn,2.0,0.4937595907103859,0.0007406383506630218,0.5144962630674266,0.00043214865772831044,0.43374918070667834,0.0006350966802060057
LogisticRegression,ctgan,5.0,0.3854127907449184,0.008250583680222847,0.43971453787067344,0.012024102045672648,0.35588867270444424,0.012455193057830709
LogisticRegression,diffusion,2.0,0.45056949778518485,0.009821036365607399,0.4574705792005583,0.008399562878559,0.40014178668280864,0.007049406514372537
LogisticRegression,none,0.0,0.3885467980295566,0.0,0.5232512142909158,0.0,0.4049316233102648,0.0
LogisticRegression,ros,2.0,0.4776892186166458,0.001648038974439482,0.5136682223055212,0.0009165923708445447,0.4185846179138091,0.0024214321519531986
LogisticRegression,smote,2.0,0.48187346073069265,0.0023409808172452583,0.5174979211106365,0.001170900828923139,0.4231956193758747,0.0028994602275628162
MLP,adasyn,0.5,0.4798721934344833,0.009778360117091154,0.6102384268208546,0.004334013696217716,0.4203708760435023,0.009060665303370973
MLP,ctgan,1.0,0.5498050275753082,0.009712704181516919,0.6065464194687877,0.0049581218417588,0.4867891249567685,0.01139912487063904
MLP,diffusion,2.0,0.5015668729176259,0.026179277425964567,0.5694303604570979,0.020883447827440855,0.431763881352434,0.028342831346943917
MLP,none,0.0,0.49774643884664,0.02090377137804394,0.6154029887364082,0.002974867826122574,0.4376424639868149,0.018017768715878627
MLP,ros,1.0,0.5025505908365059,0.02551138562742875,0.6159562616529254,0.004452590802302567,0.4412187843847145,0.024088345366843265
MLP,smote,2.0,0.507611758773009,0.021914477798005635,0.6128346434613576,0.0038484443257871706,0.4437537782945539,0.02062515988212142
RandomForest,adasyn,5.0,0.5543183361690744,0.005895731860608961,0.6284393110982273,0.0019139049536531188,0.49160296141948495,0.006560058087213993
RandomForest,ctgan,0.5,0.4356251942221327,0.0062040323392135825,0.6093957001411933,0.002516006073808349,0.47923627151008763,0.00467856847967543
RandomForest,diffusion,0.5,0.4212477772214398,0.006551554883522932,0.6006766687401022,0.002485832433471773,0.46910387272754955,0.004921155007832181
RandomForest,none,0.0,0.4687040227330573,0.0035731451628716396,0.6337543254211935,0.000877682483451297,0.5038202240344226,0.004442398189759508
RandomForest,ros,2.0,0.5785620784176136,0.0031674398477529544,0.6385755474862984,0.0023055714331093103,0.5348914828918716,0.003985374898971634
RandomForest,smote,5.0,0.5544669156714894,0.0012715445481689882,0.6311278804539951,0.0019826928106176423,0.4916254266583076,0.0015766816743844991
XGBoost,adasyn,5.0,0.6301986681857186,0.0031982981920313553,0.6973097142137471,0.0017781696425042217,0.5962368647257887,0.0031926506302585797
XGBoost,ctgan,1.0,0.6056849912192828,0.0041383996837295435,0.7187404058487757,0.00303128147889785,0.6007595516150015,0.004358893217947784
XGBoost,diffusion,1.0,0.6072729401853095,0.003032826823137187,0.7186237669560522,0.0019187147262273978,0.603626867227031,0.002893283772006438
XGBoost,none,0.0,0.6198184652801599,0.002685142788343861,0.7327874817184454,0.0014612609187648648,0.6134153146409034,0.002542468699895799
XGBoost,ros,2.0,0.6613527726153272,0.0031976036352439215,0.7307250739267995,0.0031613937362957494,0.6197443025850928,0.003444984254578935
XGBoost,smote,5.0,0.6375003904395686,0.004048873050626209,0.7048017153628267,0.0021514368926629974,0.6045919222029997,0.0037422474452840407
