Denoiser,Noise multiplier σ,ε (δ=1e-5),F1,AUPRC,Loss-attack AUC,NN-attack AUC,Seeds
"Primary (LayerNorm, 4 blocks)",no DP,∞,0.840 ± 0.011,0.830 ± 0.007,0.795 ± 0.007,0.501 ± 0.004,5
"Primary (LayerNorm, 4 blocks)",0.5,311.72,0.843 ± 0.008,0.833 ± 0.001,0.567 ± 0.007,0.491 ± 0.005,5
"Primary (LayerNorm, 4 blocks)",1.0,63.96,0.846 ± 0.009,0.830 ± 0.006,0.554 ± 0.008,0.491 ± 0.006,5
"Primary (LayerNorm, 4 blocks)",2.0,19.99,0.852 ± 0.007,0.832 ± 0.007,0.546 ± 0.013,0.490 ± 0.009,5
"Primary (LayerNorm, 4 blocks)",4.0,7.91,0.844 ± 0.011,0.833 ± 0.003,0.546 ± 0.018,0.484 ± 0.011,5
"Lightweight (no norm, 2 blocks)",no DP,∞,0.844 ± 0.006,0.828 ± 0.005,0.594 ± 0.002,0.491 ± 0.003,5
"Lightweight (no norm, 2 blocks)",0.5,311.72,0.850 ± 0.007,0.829 ± 0.005,0.528 ± 0.005,0.487 ± 0.002,5
"Lightweight (no norm, 2 blocks)",1.0,63.96,0.839 ± 0.009,0.831 ± 0.003,0.516 ± 0.007,0.484 ± 0.004,5
"Lightweight (no norm, 2 blocks)",2.0,19.99,0.843 ± 0.008,0.833 ± 0.004,0.510 ± 0.011,0.481 ± 0.005,5
"Lightweight (no norm, 2 blocks)",4.0,7.91,0.848 ± 0.010,0.833 ± 0.005,0.514 ± 0.013,0.479 ± 0.008,5
