dataset,n,seed,n_nonmembers,rule,epoch,auc,lo,hi,loss_mem,loss_non,stop_epoch
ULB,275,300,148,fixed,100,0.6895577395577397,0.6342176066367359,0.7448978724787435,0.47901660203933716,0.5872647166252136,
ULB,275,300,148,fixed,250,0.7984029484029485,0.749256702530006,0.8475491942758909,0.36427751183509827,0.5973828434944153,
ULB,275,300,148,fixed,500,0.8722604422604425,0.8303148949612601,0.914205989559625,0.29893478751182556,0.6973184943199158,
ULB,275,300,148,fixed,1000,0.9155528255528256,0.8794744765284123,0.9516311745772389,0.2410719394683838,0.8654072880744934,
ULB,275,300,148,fixed,1500,0.9250614250614253,0.8903744816069992,0.9597483685158514,0.21026597917079926,1.0202088356018066,
ULB,275,300,148,fixed,2250,0.9321867321867321,0.8994970932592683,0.9648763711141959,0.18489310145378113,1.1705918312072754,
ULB,275,300,148,train_loss_rule,1800,0.9304668304668302,0.8970910231196155,0.9638426378140449,0.19932438433170319,1.0847076177597046,1800.0
ULB,275,300,148,heldout,175,0.7576412776412775,0.7053251911461893,0.8099573641363658,0.4003539979457855,0.5796922445297241,425.0
ULB,275,301,148,fixed,100,0.6700245700245699,0.6146830716695395,0.7253660683796004,0.4885748326778412,0.5804905891418457,
ULB,275,301,148,fixed,250,0.7868796068796069,0.7377390939039437,0.8360201198552701,0.37197399139404297,0.5808786749839783,
ULB,275,301,148,fixed,500,0.864127764127764,0.8223963169139538,0.9058592113415743,0.30718886852264404,0.6727508306503296,
ULB,275,301,148,fixed,1000,0.9112039312039313,0.8759719023884185,0.9464359600194441,0.24722622334957123,0.847983717918396,
ULB,275,301,148,fixed,1500,0.9220393120393118,0.8884425526538886,0.955636071424735,0.21705743670463562,0.9901036620140076,
ULB,275,301,148,fixed,2250,0.9337592137592137,0.9027847771947235,0.9647336503237038,0.18882010877132416,1.1613795757293701,
ULB,275,301,148,train_loss_rule,1950,0.9305405405405407,0.8988591746166033,0.9622219064644781,0.19944261014461517,1.0943125486373901,1950.0
ULB,275,301,148,heldout,225,0.775184275184275,0.7251330879329997,0.8252354624355503,0.3818295896053314,0.573298454284668,475.0
ULB,275,302,148,fixed,100,0.6641031941031941,0.6073460654511665,0.7208603227552216,0.48560792207717896,0.5802251696586609,
ULB,275,302,148,fixed,250,0.7957493857493858,0.7454722207549914,0.8460265507437802,0.3683071434497833,0.5913013219833374,
ULB,275,302,148,fixed,500,0.8701719901719902,0.8277723454505457,0.9125716348934347,0.3051950931549072,0.6747862100601196,
ULB,275,302,148,fixed,1000,0.9107616707616708,0.8733988868130501,0.9481244547102915,0.24838919937610626,0.8204949498176575,
ULB,275,302,148,fixed,1500,0.9209582309582309,0.8854064425356611,0.9565100193808007,0.21920982003211975,0.928767204284668,
ULB,275,302,148,fixed,2250,0.9325552825552825,0.8993962942816143,0.9657142708289508,0.19138957560062408,1.0916593074798584,
ULB,275,302,148,train_loss_rule,1500,0.9209582309582309,0.8854064425356611,0.9565100193808007,0.21920982003211975,0.928767204284668,1500.0
ULB,275,302,148,heldout,150,0.7285012285012284,0.6740775196394833,0.7829249373629736,0.42485153675079346,0.5676653981208801,400.0
IEEE-CIS,344,300,2400,fixed,100,0.5771529796511629,0.5495798239826573,0.6047261353196685,0.4149690568447113,0.5175955891609192,
IEEE-CIS,344,300,2400,fixed,250,0.6087451550387596,0.5832033998556783,0.6342869102218409,0.2947746217250824,0.5219579935073853,
IEEE-CIS,344,300,2400,fixed,500,0.6458720930232558,0.6226230025647334,0.6691211834817782,0.23719455301761627,0.5016317963600159,
IEEE-CIS,344,300,2400,fixed,1000,0.6883212209302325,0.6672489242484854,0.7093935176119797,0.1801670789718628,0.5108820796012878,
IEEE-CIS,344,300,2400,fixed,1500,0.7176392926356588,0.6979589695469404,0.7373196157243773,0.14831995964050293,0.5401667356491089,
IEEE-CIS,344,300,2400,fixed,2250,0.7403282461240309,0.7216509580008125,0.7590055342472494,0.12127038091421127,0.5842114090919495,
IEEE-CIS,344,300,2400,train_loss_rule,1950,0.7313626453488371,0.7123052148118001,0.7504200758858741,0.13059301674365997,0.5647929906845093,1950.0
IEEE-CIS,344,300,2400,heldout,125,0.5855486918604651,0.5584493123104287,0.6126480714105015,0.3667915165424347,0.5012285113334656,375.0
IEEE-CIS,1000,300,2400,fixed,100,0.53136375,0.510972793809893,0.551754706190107,0.3184041380882263,0.3839373290538788,
IEEE-CIS,1000,300,2400,fixed,250,0.5571300000000001,0.5373128088983352,0.576947191101665,0.23088912665843964,0.31444650888442993,
IEEE-CIS,1000,300,2400,fixed,500,0.579995,0.5606627398072551,0.599327260192745,0.18064585328102112,0.2812492847442627,
IEEE-CIS,1000,300,2400,fixed,1000,0.5968195833333334,0.5778587425093639,0.6157804241573029,0.142161026597023,0.25719839334487915,
IEEE-CIS,1000,300,2400,fixed,1500,0.6084787500000001,0.5897615856646754,0.6271959143353247,0.1256132870912552,0.25285804271698,
IEEE-CIS,1000,300,2400,fixed,2250,0.6204597916666666,0.6019801151649083,0.638939468168425,0.11133173853158951,0.25321438908576965,
IEEE-CIS,1000,300,2400,train_loss_rule,1950,0.6095864583333334,0.5908611339942456,0.6283117826724212,0.1267172396183014,0.25478655099868774,1950.0
IEEE-CIS,1000,300,2400,heldout,1250,0.6032245833333334,0.5843887866618649,0.6220603800048019,0.13222618401050568,0.25341060757637024,1500.0
IEEE-CIS,2000,300,2400,fixed,100,0.5205488541666667,0.5035183163364211,0.5375793919969124,0.268929123878479,0.3196725845336914,
IEEE-CIS,2000,300,2400,fixed,250,0.5356258333333334,0.5186629664956113,0.5525887001710554,0.19594459235668182,0.2580392062664032,
IEEE-CIS,2000,300,2400,fixed,500,0.5455612500000001,0.5286415113654023,0.562480988634598,0.1582232415676117,0.22842299938201904,
IEEE-CIS,2000,300,2400,fixed,1000,0.5536719791666667,0.5367913792070576,0.5705525791262758,0.13140524923801422,0.21273493766784668,
IEEE-CIS,2000,300,2400,fixed,1500,0.5591645833333333,0.5423117183126043,0.5760174483540623,0.11931966990232468,0.20590783655643463,
IEEE-CIS,2000,300,2400,fixed,2250,0.5650727083333333,0.5482499945693908,0.5818954220972758,0.1086709275841713,0.20155417919158936,
IEEE-CIS,2000,300,2400,train_loss_rule,1800,0.5614848958333333,0.5446427938775524,0.5783269977891141,0.11417608708143234,0.20327048003673553,1800.0
IEEE-CIS,2000,300,2400,heldout,2175,0.564584375,0.5477600371497718,0.5814087128502282,0.1097627505660057,0.20175036787986755,
IEEE-CIS,4000,300,2400,fixed,100,0.5103661979166667,0.49553519291127485,0.5251972029220585,0.21914483606815338,0.2576754689216614,
IEEE-CIS,4000,300,2400,fixed,250,0.5163936458333334,0.5014735707172838,0.5313137209493829,0.1629585176706314,0.20734283328056335,
IEEE-CIS,4000,300,2400,fixed,500,0.5206348958333333,0.5056872603368507,0.5355825313298159,0.13379378616809845,0.18187463283538818,
IEEE-CIS,4000,300,2400,fixed,1000,0.5235575000000001,0.5085802144793883,0.538534785520612,0.11456682533025742,0.16711649298667908,
IEEE-CIS,4000,300,2400,fixed,1500,0.5263129687499999,0.5113135648673918,0.541312372632608,0.10683906823396683,0.16305218636989594,
IEEE-CIS,4000,300,2400,fixed,2250,0.5289080208333334,0.5138903308102514,0.5439257108564155,0.10019070655107498,0.1601521521806717,
IEEE-CIS,4000,300,2400,train_loss_rule,1350,0.5254166666666666,0.5104230574580709,0.5404102758752624,0.10878901928663254,0.1638513207435608,1350.0
IEEE-CIS,4000,300,2400,heldout,2075,0.5278761458333334,0.5128635716514387,0.5428887200152281,0.10171574354171753,0.16053816676139832,
IEEE-CIS,344,301,2400,fixed,100.0,0.5710562015503876,0.5425121324668246,0.5996002706339506,0.4277295768260956,0.5131133198738098,
IEEE-CIS,344,301,2400,fixed,250.0,0.6114625726744186,0.5858608543034641,0.6370642910453731,0.3002602458000183,0.49073532223701477,
IEEE-CIS,344,301,2400,fixed,500.0,0.6500423934108527,0.6269976293526892,0.6730871574690162,0.23704032599925995,0.47308531403541565,
IEEE-CIS,344,301,2400,fixed,1000.0,0.6911216085271317,0.6701346789690689,0.7121085380851945,0.18185313045978546,0.4845150113105774,
IEEE-CIS,344,301,2400,fixed,1500.0,0.7042526647286822,0.6837989919744104,0.724706337482954,0.15801265835762024,0.49227723479270935,
IEEE-CIS,344,301,2400,fixed,2250.0,0.7256031976744186,0.706282938659287,0.7449234566895502,0.1314307302236557,0.5212387442588806,
IEEE-CIS,344,301,2400,train_loss_rule,,,,,,,
IEEE-CIS,344,301,2400,heldout,475.0,0.6467877906976744,0.6235372603708016,0.6700383210245473,0.24151352047920227,0.4732555150985718,725.0
IEEE-CIS,1000,301,2400,fixed,100,0.5241145833333334,0.5036503914082969,0.5445787752583698,0.32416439056396484,0.3816061019897461,
IEEE-CIS,1000,301,2400,fixed,250,0.5519658333333334,0.5321349123677844,0.5717967542988823,0.23989614844322205,0.3185668885707855,
IEEE-CIS,1000,301,2400,fixed,500,0.575813125,0.55646722794895,0.5951590220510501,0.1911124289035797,0.2897394001483917,
IEEE-CIS,1000,301,2400,fixed,1000,0.5977302083333333,0.578805857672469,0.6166545589941977,0.14888693392276764,0.2664289176464081,
IEEE-CIS,1000,301,2400,fixed,1500,0.6092647916666667,0.5905756677240325,0.6279539156093009,0.13225960731506348,0.2619871497154236,
IEEE-CIS,1000,301,2400,fixed,2250,0.6202183333333333,0.6017525263178097,0.6386841403488569,0.11629748344421387,0.26475632190704346,
IEEE-CIS,1000,301,2400,train_loss_rule,1950,0.6164770833333334,0.5979257685834521,0.6350283980832147,0.12088591605424881,0.2641933262348175,1950.0
IEEE-CIS,1000,301,2400,heldout,1475,0.6089545833333334,0.5902541900262964,0.6276549766403704,0.13290177285671234,0.2621150314807892,1725.0
IEEE-CIS,2000,301,2400,fixed,100,0.509849375,0.49281054792128304,0.5268882020787171,0.2765766978263855,0.32532331347465515,
IEEE-CIS,2000,301,2400,fixed,250,0.5253660416666666,0.5083739422097966,0.5423581411235365,0.20237374305725098,0.26450657844543457,
IEEE-CIS,2000,301,2400,fixed,500,0.5352925000000001,0.518329853850645,0.5522551461493551,0.16314126551151276,0.23230966925621033,
IEEE-CIS,2000,301,2400,fixed,1000,0.5410343750000001,0.5240886110424124,0.5579801389575877,0.133573517203331,0.21684789657592773,
IEEE-CIS,2000,301,2400,fixed,1500,0.5458158333333334,0.5288844611531295,0.5627472055135373,0.12050992250442505,0.20845872163772583,
IEEE-CIS,2000,301,2400,fixed,2250,0.549853125,0.5329339914715008,0.5667722585284993,0.11030299216508865,0.20567673444747925,
IEEE-CIS,2000,301,2400,train_loss_rule,1650,0.5469589583333334,0.5300318988946428,0.5638860177720241,0.11787977069616318,0.20742924511432648,1650.0
IEEE-CIS,2000,301,2400,heldout,825,0.5400201041666666,0.523071763127369,0.5569684452059641,0.1418677121400833,0.21736912429332733,1075.0
IEEE-CIS,4000,301,2400,fixed,100,0.5121635937500002,0.49731948344721333,0.5270077040527871,0.22256091237068176,0.2602614164352417,
IEEE-CIS,4000,301,2400,fixed,250,0.5190178125,0.5041041696919999,0.5339314553080001,0.1689397543668747,0.21410374343395233,
IEEE-CIS,4000,301,2400,fixed,500,0.5217162500000001,0.5067742321976519,0.5366582678023483,0.1369578242301941,0.18857301771640778,
IEEE-CIS,4000,301,2400,fixed,1000,0.52429875,0.5093294727695413,0.5392680272304587,0.115062415599823,0.17146258056163788,
IEEE-CIS,4000,301,2400,fixed,1500,0.5263781770833333,0.5113947752309591,0.5413615789357076,0.1064811497926712,0.16731061041355133,
IEEE-CIS,4000,301,2400,fixed,2250,0.5284034375000002,0.5134043990949401,0.5434024759050603,0.09963992238044739,0.1668597161769867,
IEEE-CIS,4000,301,2400,train_loss_rule,1500,0.5263781770833333,0.5113947752309591,0.5413615789357076,0.1064811497926712,0.16731061041355133,1500.0
IEEE-CIS,4000,301,2400,heldout,1550,0.5265328125,0.511552215289069,0.5415134097109309,0.10587725788354874,0.1668788343667984,1800.0
IEEE-CIS,344,302,2400,fixed,100,0.5675981104651163,0.5395576436644655,0.5956385772657672,0.4384062886238098,0.5223715305328369,
IEEE-CIS,344,302,2400,fixed,250,0.6098794815891473,0.5846975161383167,0.6350614470399779,0.30531609058380127,0.5023357272148132,
IEEE-CIS,344,302,2400,fixed,500,0.6480717054263565,0.6250356810882621,0.6711077297644509,0.24822665750980377,0.48244211077690125,
IEEE-CIS,344,302,2400,fixed,1000,0.6978573158914728,0.6772839626766395,0.7184306691063062,0.1822693794965744,0.4882090389728546,
IEEE-CIS,344,302,2400,fixed,1500,0.7233515019379845,0.7038887268281289,0.7428142770478401,0.1513213962316513,0.5070511102676392,
IEEE-CIS,344,302,2400,fixed,2250,0.745968992248062,0.7274677646929143,0.7644702198032097,0.12576234340667725,0.5428423881530762,
IEEE-CIS,344,302,2400,train_loss_rule,2250,0.745968992248062,0.7274677646929143,0.7644702198032097,0.12576234340667725,0.5428423881530762,2250.0
IEEE-CIS,344,302,2400,heldout,575,0.6577277131782946,0.6351952785199207,0.6802601478366684,0.23537591099739075,0.4803088903427124,825.0
IEEE-CIS,1000,302,2400,fixed,100,0.5278920833333334,0.507597565155743,0.5481866015109238,0.3175327181816101,0.3853825330734253,
IEEE-CIS,1000,302,2400,fixed,250,0.55307375,0.5333292857661935,0.5728182142338065,0.23447668552398682,0.3208116292953491,
IEEE-CIS,1000,302,2400,fixed,500,0.5741595833333334,0.5548436822354997,0.593475484431167,0.1900552213191986,0.2887592017650604,
IEEE-CIS,1000,302,2400,fixed,1000,0.5965116666666667,0.5776386881547058,0.6153846451786276,0.1523585021495819,0.270383358001709,
IEEE-CIS,1000,302,2400,fixed,1500,0.6089929166666668,0.5903761416450198,0.6276096916883137,0.13495373725891113,0.2684650421142578,
IEEE-CIS,1000,302,2400,fixed,2250,0.6224983333333334,0.6041555312993531,0.6408411353673137,0.11851013451814651,0.27109745144844055,
IEEE-CIS,1000,302,2400,train_loss_rule,1800,0.6142445833333333,0.595731463167982,0.6327577034986847,0.1276310533285141,0.2687208950519562,1800.0
IEEE-CIS,1000,302,2400,heldout,1275,0.6037225,0.5849988308279666,0.6224461691720335,0.14175502955913544,0.26839208602905273,1525.0
IEEE-CIS,2000,302,2400,fixed,100,0.522665625,0.505643889861521,0.5396873601384791,0.27210620045661926,0.3267107605934143,
IEEE-CIS,2000,302,2400,fixed,250,0.536809375,0.5198545319932766,0.5537642180067235,0.20296044647693634,0.2670731544494629,
IEEE-CIS,2000,302,2400,fixed,500,0.5464616666666666,0.5295518986853357,0.5633714346479975,0.15880459547042847,0.23182480037212372,
IEEE-CIS,2000,302,2400,fixed,1000,0.553974375,0.537099297800897,0.570849452199103,0.12810079753398895,0.20945891737937927,
IEEE-CIS,2000,302,2400,fixed,1500,0.5582754166666666,0.54142057269504,0.5751302606382932,0.11691917479038239,0.2024768888950348,
IEEE-CIS,2000,302,2400,fixed,2250,0.5637527083333334,0.5469245839104191,0.5805808327562476,0.10795395076274872,0.19970516860485077,
IEEE-CIS,2000,302,2400,train_loss_rule,1800,0.5600112500000001,0.5431645000903493,0.5768579999096508,0.1127709224820137,0.2007860392332077,1800.0
IEEE-CIS,2000,302,2400,heldout,2150,0.563120625,0.5462896034067393,0.5799516465932608,0.10951220989227295,0.2000657171010971,
IEEE-CIS,4000,302,2400,fixed,100,0.5115806250000001,0.49675388493153994,0.5264073650684603,0.22176367044448853,0.2594088613986969,
IEEE-CIS,4000,302,2400,fixed,250,0.5185676562500001,0.5036806980331707,0.5334546144668295,0.16703958809375763,0.2117488831281662,
IEEE-CIS,4000,302,2400,fixed,500,0.5216286458333335,0.5067038756383331,0.5365534160283338,0.1391753852367401,0.18904757499694824,
IEEE-CIS,4000,302,2400,fixed,1000,0.5234623958333333,0.508511891768545,0.5384128998981216,0.11584547162055969,0.1697743833065033,
IEEE-CIS,4000,302,2400,fixed,1500,0.5254865625,0.5105131203296666,0.5404600046703335,0.10784196108579636,0.16489733755588531,
IEEE-CIS,4000,302,2400,fixed,2250,0.5278409374999999,0.5128511117509693,0.5428307632490306,0.10068125277757645,0.16159304976463318,
IEEE-CIS,4000,302,2400,train_loss_rule,1500,0.5254865625,0.5105131203296666,0.5404600046703335,0.10784196108579636,0.16489733755588531,1500.0
IEEE-CIS,4000,302,2400,heldout,2100,0.5276988020833333,0.512707327716686,0.5426902764499806,0.10191112756729126,0.1620420217514038,
