dataset,split,seed,method,classifier,ratio,auc,delong_lo,delong_hi
ULB,random,100,none,XGBoost,0.0,0.5884860150848523,0.5299413451719518,0.6470306849977528
ULB,random,100,ros,XGBoost,1.0,0.6313148177247012,0.5746759503322142,0.6879536851171882
ULB,random,100,smote,XGBoost,5.0,0.6256678189817724,0.57015506921448,0.6811805687490647
ULB,random,100,adasyn,XGBoost,0.5,0.6057510999371465,0.5462642907369293,0.6652379091373637
ULB,random,100,diffusion,XGBoost,0.5,0.5974426461345066,0.5391797399378151,0.6557055523311981
ULB,random,100,ctgan,XGBoost,10.0,0.6235563324952857,0.567949533035571,0.6791631319550004
ULB,random,101,none,XGBoost,0.0,0.6079411533626651,0.5512020045876066,0.6646803021377236
ULB,random,101,ros,XGBoost,1.0,0.6259919076052798,0.5697822460752696,0.68220156913529
ULB,random,101,smote,XGBoost,5.0,0.6251276712759268,0.5694614275591315,0.6807939149927221
ULB,random,101,adasyn,XGBoost,0.5,0.632346008799497,0.5750660361645568,0.6896259814344372
ULB,random,101,diffusion,XGBoost,0.5,0.6201484915147708,0.5636372394128184,0.6766597436167232
ULB,random,101,ctgan,XGBoost,10.0,0.623575974230044,0.5679015993191334,0.6792503491409545
ULB,random,102,none,XGBoost,0.0,0.5729395820238843,0.5136483575534642,0.6322308064943044
ULB,random,102,ros,XGBoost,1.0,0.6450247485857952,0.5893303501476067,0.7007191470239836
ULB,random,102,smote,XGBoost,5.0,0.6114668447517282,0.5538920094040196,0.6690416800994368
ULB,random,102,adasyn,XGBoost,0.5,0.5930428975487116,0.5336505552336331,0.6524352398637902
ULB,random,102,diffusion,XGBoost,0.5,0.6187244657448148,0.5614373803286355,0.676011551160994
ULB,random,102,ctgan,XGBoost,10.0,0.592640241986172,0.5332313975936118,0.6520490863787323
ULB,random,103,none,XGBoost,0.0,0.5663301382778128,0.506317780769473,0.6263424957861525
ULB,random,103,ros,XGBoost,1.0,0.6347619421747328,0.5773517863026498,0.6921720980468158
ULB,random,103,smote,XGBoost,5.0,0.6215135920804524,0.5658322746628964,0.6771949094980084
ULB,random,103,adasyn,XGBoost,0.5,0.5969712445003144,0.5375499200958337,0.656392568904795
ULB,random,103,diffusion,XGBoost,0.5,0.60522077309868,0.5477285659875294,0.6627129802098307
ULB,random,103,ctgan,XGBoost,10.0,0.6047493714644878,0.5470940799051407,0.6624046630238349
ULB,random,104,none,XGBoost,0.0,0.5621071653048397,0.5019199406413537,0.6222943899683258
ULB,random,104,ros,XGBoost,1.0,0.6422258013827782,0.5857551163294143,0.698696486436142
ULB,random,104,smote,XGBoost,5.0,0.6108874135763669,0.5544364008631951,0.6673384262895387
ULB,random,104,adasyn,XGBoost,0.5,0.5877396291640475,0.5278337691721764,0.6476454891559187
ULB,random,104,diffusion,XGBoost,0.5,0.5989059553739784,0.5412934453914674,0.6565184653564894
ULB,random,104,ctgan,XGBoost,10.0,0.5944079981143935,0.5367588670219847,0.6520571292068023
ULB,random,105,none,XGBoost,0.0,0.5901162790697674,0.5313385380877257,0.6488940200518091
ULB,random,105,ros,XGBoost,1.0,0.6251374921433062,0.5670979942745925,0.6831769900120198
ULB,random,105,smote,XGBoost,5.0,0.6018522155876807,0.5450571851089095,0.6586472460664518
ULB,random,105,adasyn,XGBoost,0.5,0.6072340509113763,0.5486521883872058,0.6658159134355468
ULB,random,105,diffusion,XGBoost,0.5,0.6037280012570709,0.5457309300403819,0.66172507247376
ULB,random,105,ctgan,XGBoost,10.0,0.5916483343808925,0.5352254204273252,0.6480712483344597
ULB,random,106,none,XGBoost,0.0,0.5685594751728473,0.5091835598749588,0.6279353904707359
ULB,random,106,ros,XGBoost,1.0,0.6435417976115649,0.5873571116082844,0.6997264836148455
ULB,random,106,smote,XGBoost,5.0,0.6054662947831551,0.5493954882824451,0.661537101283865
ULB,random,106,adasyn,XGBoost,0.5,0.5984541954745444,0.5392573746907393,0.6576510162583494
ULB,random,106,diffusion,XGBoost,0.5,0.6085696888749215,0.5513733821283385,0.6657659956215044
ULB,random,106,ctgan,XGBoost,10.0,0.5960186203645506,0.5377184010706763,0.6543188396584249
ULB,random,107,none,XGBoost,0.0,0.5766125864236331,0.5169504489148146,0.6362747239324517
ULB,random,107,ros,XGBoost,1.0,0.6315603394091767,0.5743255117517704,0.688795167066583
ULB,random,107,smote,XGBoost,5.0,0.5893011470773097,0.5320359944292485,0.6465662997253709
ULB,random,107,adasyn,XGBoost,0.5,0.6049163262099309,0.5464924458051873,0.6633402066146744
ULB,random,107,diffusion,XGBoost,0.5,0.5976194217473287,0.5392154119019799,0.6560234315926776
ULB,random,107,ctgan,XGBoost,10.0,0.6091000157133879,0.5528267935162341,0.6653732379105417
ULB,random,108,none,XGBoost,0.0,0.5990925518541796,0.5402938131636685,0.6578912905446908
ULB,random,108,ros,XGBoost,1.0,0.633436125078567,0.5768800222896862,0.6899922278674477
ULB,random,108,smote,XGBoost,5.0,0.5982872407291011,0.5417034855314261,0.6548709959267761
ULB,random,108,adasyn,XGBoost,0.5,0.6040029855436833,0.5457926284325081,0.6622133426548584
ULB,random,108,diffusion,XGBoost,0.5,0.6118695003142678,0.5554427158578488,0.6682962847706868
ULB,random,108,ctgan,XGBoost,10.0,0.5853236957888122,0.5277284382477484,0.6429189533298759
ULB,random,109,none,XGBoost,0.0,0.5975015713387808,0.5383987348322122,0.6566044078453493
ULB,random,109,ros,XGBoost,1.0,0.6273668290383407,0.5700864609054791,0.6846471971712024
ULB,random,109,smote,XGBoost,5.0,0.6116239786297928,0.5542524500080444,0.6689955072515412
ULB,random,109,adasyn,XGBoost,0.5,0.6152675204274038,0.5570111244748754,0.6735239163799323
ULB,random,109,diffusion,XGBoost,0.5,0.6076956316781896,0.5497104970703285,0.6656807662860508
ULB,random,109,ctgan,XGBoost,10.0,0.5908135606536771,0.532175849753181,0.6494512715541731
