seed,arch,noise_multiplier,epsilon,epochs,classifier,ratio,auc_loss,auc_loss_lo,auc_loss_hi,auc_nn,precision,recall,f1,mcc,auprc,rocauc,f1_tuned,mcc_tuned,thr_tuned
200,light,none,inf,250,XGBoost,0.5,0.5949285040854808,0.5360210752719625,0.6538359328989991,0.4893443588937776,0.9,0.7905405405405406,0.841726618705036,0.8432449904207551,0.8223821311999867,0.9744561402952868,0.8409893992932862,0.8416175714533751,0.3698180317878723
200,light,0.5,311.71511387889376,250,XGBoost,0.5,0.527027027027027,0.46906884326723663,0.5849852107868173,0.48881403205531115,0.9224806201550387,0.8040540540540541,0.8592057761732852,0.8610126920232096,0.8262943151229662,0.9784405631964105,0.8409893992932862,0.8416175714533751,0.3698180317878723
200,light,1.0,63.95553251314482,250,XGBoost,0.5,0.5259074481458204,0.46832884632461197,0.5834860499670287,0.48081984600879957,0.9069767441860465,0.7905405405405406,0.8447653429602888,0.8465146674248942,0.8299826727067271,0.9743514163087408,0.8297872340425532,0.8305340829573896,0.3698180317878723
200,light,2.0,19.985118753314584,250,XGBoost,0.5,0.5247289440603393,0.46744097557715397,0.5820169125435247,0.4797395505971087,0.8992248062015504,0.7837837837837838,0.8375451263537906,0.8392656551257366,0.8266127499616104,0.9682394804676299,0.8439716312056738,0.8447594674943888,0.3698180317878723
200,light,4.0,7.911450641958998,250,XGBoost,0.5,0.5305428975487114,0.4739553332250363,0.5871304618723865,0.47681293211816467,0.921875,0.7972972972972973,0.855072463768116,0.8570997878478829,0.8311786163648158,0.9696541652737796,0.8409893992932862,0.8416175714533751,0.3698180317878723
200,matched,none,inf,250,XGBoost,0.5,0.7974544311753613,0.7487525986908012,0.8461562636599214,0.4997151948460088,0.9349593495934959,0.777027027027027,0.8487084870848709,0.8521153034484891,0.8390586584662296,0.977322187067776,0.841726618705036,0.8432449904207551,0.3698180317878723
200,matched,0.5,311.71511387889376,250,XGBoost,0.5,0.566880106851037,0.5089415503050806,0.6248186633969933,0.4917406505342552,0.9,0.7905405405405406,0.841726618705036,0.8432449904207551,0.8342976895029288,0.9786919166073864,0.8292682926829268,0.82939062817563,0.3698180317878723
200,matched,1.0,63.95553251314482,250,XGBoost,0.5,0.5495168133249528,0.49163402435859715,0.6073996022913085,0.48728197674418583,0.9,0.7905405405405406,0.841726618705036,0.8432449904207551,0.821794176204888,0.9719926709052684,0.8439716312056738,0.8447594674943888,0.3698180317878723
200,matched,2.0,19.985118753314584,250,XGBoost,0.5,0.5372996543054682,0.4801985810107255,0.594400727600211,0.48241082652419864,0.90625,0.7837837837837838,0.8405797101449275,0.84254532582128,0.8207945112954349,0.970307185079446,0.8368794326241135,0.8376467752258893,0.3698180317878723
200,matched,4.0,7.911450641958998,250,XGBoost,0.5,0.5387924261470773,0.48245831818440865,0.595126534109746,0.4794645663104964,0.95,0.7702702702702703,0.8507462686567164,0.8552093405496974,0.8371828533708973,0.9664248720260209,0.8581818181818182,0.8604751918105269,0.3698180317878723
201,light,none,inf,250,XGBoost,0.5,0.5968533940917662,0.5385188665300826,0.6551879216534497,0.49128889063482073,0.9274193548387096,0.777027027027027,0.8455882352941176,0.8486645661200894,0.8313540519964064,0.9719818974845646,0.8458781362007168,0.847206343101198,0.3698180317878723
201,light,0.5,311.71511387889376,250,XGBoost,0.5,0.526889534883721,0.46888362214663437,0.5848954476208077,0.4904442960402262,0.9658119658119658,0.7635135135135135,0.8528301886792453,0.8585173423470124,0.8330438539918981,0.9772455452697554,0.8540145985401459,0.8565559961816841,0.3698180317878723
201,light,1.0,63.95553251314482,250,XGBoost,0.5,0.5204863293526083,0.4624578260570528,0.5785148326481638,0.49126924890006274,0.9421487603305785,0.7702702702702703,0.8475836431226765,0.8516601125195125,0.836517197463311,0.9742157979540007,0.8382352941176471,0.8412710653372778,0.3698180317878723
201,light,2.0,19.985118753314584,250,XGBoost,0.5,0.5160865807668134,0.45791038667743916,0.5742627748561876,0.49009074481458215,0.9736842105263158,0.75,0.8473282442748091,0.8543440260510087,0.838605880865233,0.9743715372562315,0.8518518518518519,0.8556083491746256,0.3698180317878723
201,light,4.0,7.911450641958998,250,XGBoost,0.5,0.5174418604651163,0.4597784313791143,0.5751052895511184,0.49101390634820863,0.9658119658119658,0.7635135135135135,0.8528301886792453,0.8585173423470124,0.8349502583988604,0.972526668177058,0.8507462686567164,0.8552093405496974,0.3698180317878723
201,matched,none,inf,250,XGBoost,0.5,0.8011667190446261,0.7536861832111996,0.8486472548780526,0.49949913576367067,0.9421487603305785,0.7702702702702703,0.8475836431226765,0.8516601125195125,0.8349559766150279,0.9788598552242377,0.851985559566787,0.853763679724052,0.3698180317878723
201,matched,0.5,311.71511387889376,250,XGBoost,0.5,0.5650337837837838,0.508043866335594,0.6220237012319736,0.4992045097423006,0.9133858267716536,0.7837837837837838,0.8436363636363636,0.845863626740505,0.8332930062342604,0.9742092229987183,0.8469750889679716,0.8479367044682152,0.3698180317878723
201,matched,1.0,63.95553251314482,250,XGBoost,0.5,0.5551932746700188,0.49831207586408766,0.6120744734759499,0.5005990729101193,0.9133858267716536,0.7837837837837838,0.8436363636363636,0.845863626740505,0.8309989907501959,0.9729790726302832,0.841726618705036,0.8432449904207551,0.3698180317878723
201,matched,2.0,19.985118753314584,250,XGBoost,0.5,0.5476115650534255,0.49071055207622494,0.604512578030626,0.500166954745443,0.9224806201550387,0.8040540540540541,0.8592057761732852,0.8610126920232096,0.8370250435677592,0.9745195925745782,0.8421052631578947,0.842471724524378,0.3698180317878723
201,matched,4.0,7.911450641958998,250,XGBoost,0.5,0.5378299811439347,0.4817634118885381,0.5938965503993312,0.49824206473915766,0.90625,0.7837837837837838,0.8405797101449275,0.84254532582128,0.8350963367160714,0.9737094471809284,0.8357142857142857,0.8368173709008194,0.3698180317878723
202,light,none,inf,250,XGBoost,0.5,0.5949481458202388,0.5368573540360584,0.6530389376044192,0.4921236643620366,0.9069767441860465,0.7905405405405406,0.8447653429602888,0.8465146674248942,0.8226749875562209,0.9729924997979983,0.8391608391608392,0.8394065202413581,0.3698180317878723
202,light,0.5,311.71511387889376,250,XGBoost,0.5,0.53164283469516,0.4735543476118496,0.5897313217784705,0.48826406348208673,0.9140625,0.7905405405405406,0.8478260869565217,0.8498225568345814,0.8363449242440004,0.9733211287376244,0.8428571428571429,0.8439836606238235,0.3698180317878723
202,light,1.0,63.95553251314482,250,XGBoost,0.5,0.5120993086109364,0.45495331173429454,0.5692453054875783,0.48185103708359533,0.8968253968253969,0.7635135135135135,0.8248175182481752,0.8272173023606741,0.8321183501172503,0.9667664528353901,0.8273381294964028,0.8288027504619272,0.3698180317878723
202,light,2.0,19.985118753314584,250,XGBoost,0.5,0.5026712759270897,0.44589040336040364,0.5594521484937758,0.4797788340666249,0.9349593495934959,0.777027027027027,0.8487084870848709,0.8521153034484891,0.8329589690877004,0.9670424029164284,0.8498168498168498,0.8526191999937648,0.3698180317878723
202,light,4.0,7.911450641958998,250,XGBoost,0.5,0.508622721558768,0.4522377638668793,0.5650076792506566,0.48176264927718404,0.9327731092436975,0.75,0.8314606741573034,0.8361621582806669,0.8316704917435864,0.9652666896922129,0.8321167883211679,0.8345519758159267,0.3698180317878723
202,matched,none,inf,250,XGBoost,0.5,0.8020505971087366,0.7541053660141336,0.8499958282033396,0.5025141420490258,0.9098360655737705,0.75,0.8222222222222222,0.8257932710559693,0.8240950202528462,0.9784176696774152,0.8285714285714286,0.8296510811778155,0.3698180317878723
202,matched,0.5,311.71511387889376,250,XGBoost,0.5,0.5659962287869265,0.5089570916228576,0.6230353659509953,0.4910630106851035,0.9076923076923077,0.7972972972972973,0.8489208633093526,0.850466110400169,0.8310873700540978,0.9793907630592079,0.8491228070175438,0.8495062332277441,0.3698180317878723
202,matched,1.0,63.95553251314482,250,XGBoost,0.5,0.5559593023255813,0.4992944822470164,0.6126241224041462,0.4893050754242614,0.9015151515151515,0.8040540540540541,0.85,0.8511499503468274,0.8284670949186196,0.9688995901347153,0.8439716312056738,0.8447594674943888,0.3698180317878723
202,matched,2.0,19.985118753314584,250,XGBoost,0.5,0.5478276241357638,0.49143339845667927,0.6042218498148484,0.4874096480201131,0.9661016949152542,0.7702702702702703,0.8571428571428571,0.862442572832307,0.8317103157109729,0.9680602931321027,0.855072463768116,0.8570997878478829,0.3698180317878723
202,matched,4.0,7.911450641958998,250,XGBoost,0.5,0.5522862979258327,0.4961016096410939,0.6084709862105715,0.4749567881835324,0.9508196721311475,0.7837837837837838,0.8592592592592593,0.8630621187042897,0.830849810808981,0.97273793812571,0.8613138686131386,0.8638906696369366,0.3698180317878723
203,light,none,inf,250,XGBoost,0.5,0.5909215901948459,0.5324622459335058,0.649380934456186,0.4938030326838465,0.912,0.7702702702702703,0.8351648351648352,0.8378913788954025,0.8333893551771462,0.9771136104742999,0.8315412186379928,0.8328192474760274,0.3698180317878723
203,light,0.5,311.71511387889376,250,XGBoost,0.5,0.5208398805782528,0.4629288910762169,0.5787508700802888,0.4852981615336267,0.8931297709923665,0.7905405405405406,0.8387096774193549,0.8400127952886127,0.8233012296762504,0.9742803592618938,0.8380281690140845,0.8385103655943604,0.3698180317878723
203,light,1.0,63.95553251314482,250,XGBoost,0.5,0.5067960402262728,0.44926848817731724,0.5643235922752283,0.4821358422375863,0.8992248062015504,0.7837837837837838,0.8375451263537906,0.8392656551257366,0.8297681895875381,0.9712046268673269,0.8398576512455516,0.8407973646730177,0.3698180317878723
203,light,2.0,19.985118753314584,250,XGBoost,0.5,0.5078566939032054,0.4502764746384696,0.5654369131679413,0.4766754399748585,0.9112903225806451,0.7635135135135135,0.8308823529411765,0.833877564554466,0.8329844252795354,0.9681300827176904,0.8303249097472925,0.832016642826579,0.3698180317878723
203,light,4.0,7.911450641958998,250,XGBoost,0.5,0.5160865807668134,0.4587618740167682,0.5734112875168585,0.4760272627278441,0.9344262295081968,0.7702702702702703,0.8444444444444444,0.8481545796449615,0.82683339003994,0.9663577361874449,0.8363636363636363,0.8385578442054941,0.3698180317878723
203,matched,none,inf,250,XGBoost,0.5,0.7894798868636077,0.7400239749055871,0.8389357988216283,0.505804132620993,0.912,0.7702702702702703,0.8351648351648352,0.8378913788954025,0.823725012913149,0.9726786843118398,0.8268551236749117,0.827444888389616,0.3698180317878723
203,matched,0.5,311.71511387889376,250,XGBoost,0.5,0.5782330295411691,0.5210146636877291,0.635451395394609,0.49009074481458215,0.9147286821705426,0.7972972972972973,0.851985559566787,0.853763679724052,0.8339876370832582,0.9757843604786567,0.8540925266903915,0.8550760442634127,0.3698180317878723
203,matched,1.0,63.95553251314482,250,XGBoost,0.5,0.5643070395977372,0.5071923253576647,0.6214217538378097,0.49248703645505976,0.9186991869918699,0.7635135135135135,0.8339483394833949,0.8372684008085133,0.8302120283898048,0.9740487703249295,0.841726618705036,0.8432449904207551,0.3698180317878723
203,matched,2.0,19.985118753314584,250,XGBoost,0.5,0.5652302011313639,0.5088852253395172,0.6215751769232106,0.49867418290383414,0.9576271186440678,0.7635135135135135,0.849624060150376,0.8548636987447522,0.8320372916913912,0.9703003724751775,0.8518518518518519,0.8556083491746256,0.3698180317878723
203,matched,4.0,7.911450641958998,250,XGBoost,0.5,0.5727922690131992,0.5177931421021791,0.6277913959242194,0.494176225644249,0.9642857142857143,0.7297297297297297,0.8307692307692308,0.8386183185929836,0.831123872307635,0.9687833005641787,0.8409090909090909,0.8469304141468152,0.3698180317878723
204,light,none,inf,250,XGBoost,0.5,0.5925911376492772,0.5345328014414734,0.6506494738570809,0.4870659176618479,0.9426229508196722,0.777027027027027,0.8518518518518519,0.8556083491746256,0.8303223306245987,0.9791668184979635,0.8467153284671532,0.8492213227264317,0.3698180317878723
204,light,0.5,311.71511387889376,250,XGBoost,0.5,0.5320356693903205,0.474265828704866,0.5898055100757751,0.4846107008170961,0.9576271186440678,0.7635135135135135,0.849624060150376,0.8548636987447522,0.8268913301137452,0.978111656999634,0.8475836431226765,0.8516601125195125,0.3698180317878723
204,light,1.0,63.95553251314482,250,XGBoost,0.5,0.5138867064739157,0.45605323359654415,0.5717201793512872,0.4822733343808925,0.9338842975206612,0.7635135135135135,0.8401486988847584,0.844175649525994,0.8284428676359307,0.9753736238143296,0.8308823529411765,0.833877564554466,0.3698180317878723
204,light,2.0,19.985118753314584,250,XGBoost,0.5,0.4981733186675048,0.4403399153208801,0.5560067220141295,0.47720576681332494,0.9349593495934959,0.777027027027027,0.8487084870848709,0.8521153034484891,0.8359795966941255,0.9743735968807778,0.8424908424908425,0.8452552894445837,0.3698180317878723
204,light,4.0,7.911450641958998,250,XGBoost,0.5,0.49587523570081715,0.4385764925570929,0.5531739788445414,0.4705275769956003,0.957983193277311,0.7702702702702703,0.8539325842696629,0.8588031796473411,0.8401298126981133,0.9730331773827875,0.8529411764705882,0.8560580669029012,0.3698180317878723
204,matched,none,inf,250,XGBoost,0.5,0.7872407291011942,0.7375047313607258,0.8369767268416627,0.49557078881206773,0.9274193548387096,0.777027027027027,0.8455882352941176,0.8486645661200894,0.8263542214217806,0.9742943805520744,0.8467153284671532,0.8492213227264317,0.3698180317878723
204,matched,0.5,311.71511387889376,250,XGBoost,0.5,0.5604376178504087,0.5023394093707382,0.6185358263300792,0.48445356693903197,0.9112903225806451,0.7635135135135135,0.8308823529411765,0.833877564554466,0.8343731153597828,0.9773951453065117,0.8321167883211679,0.8345519758159267,0.3698180317878723
204,matched,1.0,63.95553251314482,250,XGBoost,0.5,0.5432118164676303,0.48568547497112036,0.6007381579641402,0.48578920490257693,0.9508196721311475,0.7837837837837838,0.8592592592592593,0.8630621187042897,0.8396277520341736,0.9697243113328464,0.8436363636363636,0.845863626740505,0.3698180317878723
204,matched,2.0,19.985118753314584,250,XGBoost,0.5,0.5296393777498427,0.4732700137505765,0.586008741749109,0.4821554839723443,0.9658119658119658,0.7635135135135135,0.8528301886792453,0.8585173423470124,0.8379922632325136,0.9667861777012372,0.8475836431226765,0.8516601125195125,0.3698180317878723
204,matched,4.0,7.911450641958998,250,XGBoost,0.5,0.526889534883721,0.47177613959794956,0.5820029301694926,0.4755558610936519,0.9126984126984127,0.777027027027027,0.8394160583941606,0.8418866492711792,0.8312404631709265,0.9628510669647312,0.8315412186379928,0.8328192474760274,0.3698180317878723
