method,ratio,classifier,feature,mean_abs_shap
none,0.0,XGBoost,Time,0.20949041843414307
none,0.0,XGBoost,V1,0.08180513978004456
none,0.0,XGBoost,V2,0.16912013292312622
none,0.0,XGBoost,V3,0.17748551070690155
none,0.0,XGBoost,V4,1.2451649904251099
none,0.0,XGBoost,V5,0.10805143415927887
none,0.0,XGBoost,V6,0.10797551274299622
none,0.0,XGBoost,V7,0.15539808571338654
none,0.0,XGBoost,V8,0.2025236338376999
none,0.0,XGBoost,V9,0.12043764442205429
none,0.0,XGBoost,V10,0.27309489250183105
none,0.0,XGBoost,V11,0.13517209887504578
none,0.0,XGBoost,V12,0.35911038517951965
none,0.0,XGBoost,V13,0.12418000400066376
none,0.0,XGBoost,V14,0.4317609965801239
none,0.0,XGBoost,V15,0.18362455070018768
none,0.0,XGBoost,V16,0.12644469738006592
none,0.0,XGBoost,V17,0.10084817558526993
none,0.0,XGBoost,V18,0.11959610879421234
none,0.0,XGBoost,V19,0.13499020040035248
none,0.0,XGBoost,V20,0.13084056973457336
none,0.0,XGBoost,V21,0.13168063759803772
none,0.0,XGBoost,V22,0.15146417915821075
none,0.0,XGBoost,V23,0.07674095779657364
none,0.0,XGBoost,V24,0.12371330708265305
none,0.0,XGBoost,V25,0.0941709354519844
none,0.0,XGBoost,V26,0.21373414993286133
none,0.0,XGBoost,V27,0.09705906361341476
none,0.0,XGBoost,V28,0.12179365009069443
none,0.0,XGBoost,Amount,0.12948748469352722
diffusion,0.5,XGBoost,Time,0.2131844013929367
diffusion,0.5,XGBoost,V1,0.17836950719356537
diffusion,0.5,XGBoost,V2,0.09842206537723541
diffusion,0.5,XGBoost,V3,0.2204025238752365
diffusion,0.5,XGBoost,V4,1.0849990844726562
diffusion,0.5,XGBoost,V5,0.17491082847118378
diffusion,0.5,XGBoost,V6,0.11694452911615372
diffusion,0.5,XGBoost,V7,0.2775057852268219
diffusion,0.5,XGBoost,V8,0.253426730632782
diffusion,0.5,XGBoost,V9,0.10133817791938782
diffusion,0.5,XGBoost,V10,0.20147322118282318
diffusion,0.5,XGBoost,V11,0.1971832513809204
diffusion,0.5,XGBoost,V12,0.32826611399650574
diffusion,0.5,XGBoost,V13,0.10760308057069778
diffusion,0.5,XGBoost,V14,0.5991512537002563
diffusion,0.5,XGBoost,V15,0.22671085596084595
diffusion,0.5,XGBoost,V16,0.10586021840572357
diffusion,0.5,XGBoost,V17,0.060410551726818085
diffusion,0.5,XGBoost,V18,0.2137494534254074
diffusion,0.5,XGBoost,V19,0.15344691276550293
diffusion,0.5,XGBoost,V20,0.16430622339248657
diffusion,0.5,XGBoost,V21,0.13505302369594574
diffusion,0.5,XGBoost,V22,0.11136756092309952
diffusion,0.5,XGBoost,V23,0.09230082482099533
diffusion,0.5,XGBoost,V24,0.1348947286605835
diffusion,0.5,XGBoost,V25,0.1937747448682785
diffusion,0.5,XGBoost,V26,0.22369511425495148
diffusion,0.5,XGBoost,V27,0.09913535416126251
diffusion,0.5,XGBoost,V28,0.05661547929048538
diffusion,0.5,XGBoost,Amount,0.1288813352584839
