dataset,split,seed,method,attack,release,k,n_synth,auc,delong_lo,delong_hi,copy_share,diff_stop_epoch
ULB,random,100,diffusion,loss,generator,,,0.9201563482086736,0.8849040549387489,0.9554086414785984,,2100
ULB,random,100,ros,nn,released,1.0,344.0,0.8042897548711501,0.7667818652577824,0.8417976444845178,0.6191860465116279,2100
ULB,random,100,ros,nn,released,5.0,344.0,0.6598935417976115,0.61010025696943,0.709686826625793,0.6191860465116279,2100
ULB,random,100,ros,nn,fixed,1.0,5000.0,0.9760469044626021,0.957399177931674,0.9946946309935303,1.0,2100
ULB,random,100,ros,nn,fixed,5.0,5000.0,0.9760469044626021,0.957399177931674,0.9946946309935303,1.0,2100
ULB,random,100,smote,nn,released,1.0,1720.0,0.9298495443117536,0.8997075097179581,0.9599915789055491,0.0436046511627907,2100
ULB,random,100,smote,nn,released,5.0,1720.0,0.851243321810182,0.8124057957008272,0.8900808479195369,0.0436046511627907,2100
ULB,random,100,smote,nn,fixed,1.0,5000.0,0.9408096323067252,0.9087284766023591,0.9728907880110913,0.04941860465116279,2100
ULB,random,100,smote,nn,fixed,5.0,5000.0,0.9165324481458204,0.8801900896805691,0.9528748066110716,0.04941860465116279,2100
ULB,random,100,adasyn,nn,released,1.0,172.0,0.5239334538026399,0.47088975764011365,0.5769771499651661,0.011627906976744186,2100
ULB,random,100,adasyn,nn,released,5.0,172.0,0.4990866593337522,0.44414715716899356,0.5540261614985108,0.011627906976744186,2100
ULB,random,100,adasyn,nn,fixed,1.0,5000.0,0.5600153205531113,0.5091233447308304,0.6109072963753922,0.011627906976744186,2100
ULB,random,100,adasyn,nn,fixed,5.0,5000.0,0.5496248428661219,0.4982412192063349,0.6010084665259089,0.011627906976744186,2100
ULB,random,100,diffusion,nn,released,1.0,172.0,0.5115788026398491,0.45805284277967684,0.5651047625000214,0.0,2100
ULB,random,100,diffusion,nn,released,5.0,172.0,0.503172140163419,0.4490261367323154,0.5573181435945227,0.0,2100
ULB,random,100,diffusion,nn,fixed,1.0,5000.0,0.5652793054682588,0.514551631835168,0.6160069791013495,0.0,2100
ULB,random,100,diffusion,nn,fixed,5.0,5000.0,0.5465214487743557,0.4948682041911843,0.5981746933575272,0.0,2100
ULB,random,100,ctgan,nn,released,1.0,3440.0,0.5000294626021371,0.4447853242958315,0.5552736009084427,0.0,2100
ULB,random,100,ctgan,nn,released,5.0,3440.0,0.5055291483343809,0.4509209291143397,0.5601373675544221,0.0,2100
ULB,random,100,ctgan,nn,fixed,1.0,5000.0,0.5106163576367064,0.4555656601114889,0.565667055161924,0.0,2100
ULB,random,100,ctgan,nn,fixed,5.0,5000.0,0.5129537240729101,0.45853073821774915,0.567376709928071,0.0,2100
ULB,random,101,diffusion,loss,generator,,,0.9140084852294155,0.8771137332242096,0.9509032372346213,,1950
ULB,random,101,ros,nn,released,1.0,344.0,0.8138159962287868,0.776589794065356,0.8510421983922175,0.6395348837209303,1950
ULB,random,101,ros,nn,released,5.0,344.0,0.684868007542426,0.6355580098458748,0.7341780052389772,0.6395348837209303,1950
ULB,random,101,ros,nn,fixed,1.0,5000.0,0.9760469044626021,0.957399177931674,0.9946946309935303,1.0,1950
ULB,random,101,ros,nn,fixed,5.0,5000.0,0.9760469044626021,0.957399177931674,0.9946946309935303,1.0,1950
ULB,random,101,smote,nn,released,1.0,1720.0,0.9088132463859206,0.8739197114367192,0.9437067813351221,0.0436046511627907,1950
ULB,random,101,smote,nn,released,5.0,1720.0,0.82248782212445,0.7800296705179393,0.8649459737309608,0.0436046511627907,1950
ULB,random,101,smote,nn,fixed,1.0,5000.0,0.9365670175989946,0.9037388239535944,0.9693952112443949,0.04941860465116279,1950
ULB,random,101,smote,nn,fixed,5.0,5000.0,0.9109149120050286,0.8749064673606923,0.9469233566493649,0.04941860465116279,1950
ULB,random,101,adasyn,nn,released,1.0,172.0,0.5150946731615336,0.4617547901781396,0.5684345561449275,0.011627906976744186,1950
ULB,random,101,adasyn,nn,released,5.0,172.0,0.5001080295411691,0.44517592112883697,0.5550401379535012,0.011627906976744186,1950
ULB,random,101,adasyn,nn,fixed,1.0,5000.0,0.5579529384035198,0.5069168598688027,0.6089890169382368,0.011627906976744186,1950
ULB,random,101,adasyn,nn,fixed,5.0,5000.0,0.5447144091766183,0.4931518419451093,0.5962769764081273,0.011627906976744186,1950
ULB,random,101,diffusion,nn,released,1.0,172.0,0.5147607636706473,0.46114995963566896,0.5683715677056256,0.0,1950
ULB,random,101,diffusion,nn,released,5.0,172.0,0.5007365650534255,0.44614193096869914,0.5553311991381518,0.0,1950
ULB,random,101,diffusion,nn,fixed,1.0,5000.0,0.5679112979258327,0.5172996812439155,0.61852291460775,0.0,1950
ULB,random,101,diffusion,nn,fixed,5.0,5000.0,0.5488588152105593,0.4971726227822338,0.600545007638885,0.0,1950
ULB,random,101,ctgan,nn,released,1.0,3440.0,0.5203782998114395,0.4655812935541693,0.5751753060687097,0.0,1950
ULB,random,101,ctgan,nn,released,5.0,3440.0,0.5164695945945945,0.46115046938225124,0.5717887198069378,0.0,1950
ULB,random,101,ctgan,nn,fixed,1.0,5000.0,0.5213800282840981,0.4668669687625906,0.5758930878056057,0.0,1950
ULB,random,101,ctgan,nn,fixed,5.0,5000.0,0.511402027027027,0.4560139610206593,0.5667900930333947,0.0,1950
ULB,random,102,diffusion,loss,generator,,,0.914794154619736,0.8784200098387941,0.9511682994006779,,1950
ULB,random,102,ros,nn,released,1.0,344.0,0.8158980201131365,0.7781914230451143,0.8536046171811587,0.6715116279069767,1950
ULB,random,102,ros,nn,released,5.0,344.0,0.6701072438717788,0.6211448133949233,0.7190696743486342,0.6715116279069767,1950
ULB,random,102,ros,nn,fixed,1.0,5000.0,0.9760469044626021,0.957399177931674,0.9946946309935303,1.0,1950
ULB,random,102,ros,nn,fixed,5.0,5000.0,0.9757719201759898,0.9571213089834778,0.9944225313685018,1.0,1950
ULB,random,102,smote,nn,released,1.0,1720.0,0.923132071024513,0.89015460220687,0.956109539842156,0.0436046511627907,1950
ULB,random,102,smote,nn,released,5.0,1720.0,0.8474328252671277,0.8067788837077567,0.8880867668264987,0.0436046511627907,1950
ULB,random,102,smote,nn,fixed,1.0,5000.0,0.9369205688246385,0.904583914801178,0.969257222848099,0.04941860465116279,1950
ULB,random,102,smote,nn,fixed,5.0,5000.0,0.9126237429289754,0.877016658227487,0.9482308276304638,0.04941860465116279,1950
ULB,random,102,adasyn,nn,released,1.0,172.0,0.5276064582023883,0.4747533173503585,0.5804595990544181,0.011627906976744186,1950
ULB,random,102,adasyn,nn,released,5.0,172.0,0.4991455845380264,0.4443075498614031,0.5539836192146497,0.011627906976744186,1950
ULB,random,102,adasyn,nn,fixed,1.0,5000.0,0.5568333595223129,0.5057947800439763,0.6078719390006496,0.011627906976744186,1950
ULB,random,102,adasyn,nn,fixed,5.0,5000.0,0.5460500471401635,0.49450125441599224,0.5975988398643347,0.011627906976744186,1950
ULB,random,102,diffusion,nn,released,1.0,172.0,0.5180998585795098,0.4647877673064364,0.5714119498525833,0.0,1950
ULB,random,102,diffusion,nn,released,5.0,172.0,0.501620443117536,0.44711568832929055,0.5561251979057813,0.0,1950
ULB,random,102,diffusion,nn,fixed,1.0,5000.0,0.5715057353865494,0.5211776384903251,0.6218338322827737,0.0,1950
ULB,random,102,diffusion,nn,fixed,5.0,5000.0,0.5497623350094278,0.49834184635003786,0.6011828236688178,0.0,1950
ULB,random,102,ctgan,nn,released,1.0,3440.0,0.48694806725329975,0.4311542186384971,0.5427419158681024,0.0,1950
ULB,random,102,ctgan,nn,released,5.0,3440.0,0.4923495443117536,0.43631967942966243,0.5483794091938448,0.0,1950
ULB,random,102,ctgan,nn,fixed,1.0,5000.0,0.4980652891263355,0.4424118903532886,0.5537186878993824,0.0,1950
ULB,random,102,ctgan,nn,fixed,5.0,5000.0,0.4963171747328723,0.4404847833797397,0.552149566086005,0.0,1950
ULB,random,103,diffusion,loss,generator,,,0.9179368321810182,0.8827017000899399,0.9531719642720965,,1800
ULB,random,103,ros,nn,released,1.0,344.0,0.7889593808925204,0.7494113037558564,0.8285074580291844,0.6191860465116279,1800
ULB,random,103,ros,nn,released,5.0,344.0,0.6611113293526085,0.6121510012234956,0.7100716574817214,0.6191860465116279,1800
ULB,random,103,ros,nn,fixed,1.0,5000.0,0.9760469044626021,0.957399177931674,0.9946946309935303,1.0,1800
ULB,random,103,ros,nn,fixed,5.0,5000.0,0.9758112036455058,0.9571165364090771,0.9945058708819344,1.0,1800
ULB,random,103,smote,nn,released,1.0,1720.0,0.9153932275298555,0.8819241102566658,0.9488623448030452,0.0377906976744186,1800
ULB,random,103,smote,nn,released,5.0,1720.0,0.8373566153362664,0.7965918309610355,0.8781213997114973,0.0377906976744186,1800
ULB,random,103,smote,nn,fixed,1.0,5000.0,0.9410453331238215,0.908965697573956,0.9731249686736871,0.04941860465116279,1800
ULB,random,103,smote,nn,fixed,5.0,5000.0,0.9150789597737272,0.8788447897115337,0.9513131298359208,0.04941860465116279,1800
ULB,random,103,adasyn,nn,released,1.0,172.0,0.515605358265242,0.46234660687442575,0.5688641096560583,0.011627906976744186,1800
ULB,random,103,adasyn,nn,released,5.0,172.0,0.4978099465744814,0.44289634137631223,0.5527235517726505,0.011627906976744186,1800
ULB,random,103,adasyn,nn,fixed,1.0,5000.0,0.5592689346323068,0.5083127518378807,0.6102251174267328,0.011627906976744186,1800
ULB,random,103,adasyn,nn,fixed,5.0,5000.0,0.5463053896920176,0.49478121544549714,0.597829563938538,0.011627906976744186,1800
ULB,random,103,diffusion,nn,released,1.0,172.0,0.5116377278441231,0.4581726681731047,0.5651027875151414,0.0,1800
ULB,random,103,diffusion,nn,released,5.0,172.0,0.500127671275927,0.4456693712989802,0.5545859712528739,0.0,1800
ULB,random,103,diffusion,nn,fixed,1.0,5000.0,0.5742359365179133,0.5238632378383246,0.624608635197502,0.0,1800
ULB,random,103,diffusion,nn,fixed,5.0,5000.0,0.5494677089880577,0.4978100665722279,0.6011253514038876,0.0,1800
ULB,random,103,ctgan,nn,released,1.0,3440.0,0.5141518698931489,0.4593902367539262,0.5689135030323715,0.0,1800
ULB,random,103,ctgan,nn,released,5.0,3440.0,0.5176088152105593,0.463244994995359,0.5719726354257597,0.0,1800
ULB,random,103,ctgan,nn,fixed,1.0,5000.0,0.5140929446888749,0.45963094447921626,0.5685549448985335,0.0,1800
ULB,random,103,ctgan,nn,fixed,5.0,5000.0,0.5165285197988685,0.46241021303795643,0.5706468265597806,0.0,1800
ULB,random,104,diffusion,loss,generator,,,0.921629478315525,0.8875791095351979,0.9556798470958521,,1950
ULB,random,104,ros,nn,released,1.0,344.0,0.8138159962287868,0.7759851845840787,0.8516468078734948,0.6744186046511628,1950
ULB,random,104,ros,nn,released,5.0,344.0,0.679299575738529,0.6301965245996519,0.728402626877406,0.6744186046511628,1950
ULB,random,104,ros,nn,fixed,1.0,5000.0,0.9760469044626021,0.957399177931674,0.9946946309935303,1.0,1950
ULB,random,104,ros,nn,fixed,5.0,5000.0,0.9760469044626021,0.957399177931674,0.9946946309935303,1.0,1950
ULB,random,104,smote,nn,released,1.0,1720.0,0.908931096794469,0.8735910990367045,0.9442710945522336,0.0436046511627907,1950
ULB,random,104,smote,nn,released,5.0,1720.0,0.8279875078566936,0.7853585245496069,0.8706164911637804,0.0436046511627907,1950
ULB,random,104,smote,nn,fixed,1.0,5000.0,0.9369991357636704,0.9033779738365434,0.9706202976907975,0.04941860465116279,1950
ULB,random,104,smote,nn,fixed,5.0,5000.0,0.9151968101822752,0.8790393613146801,0.9513542590498703,0.04941860465116279,1950
ULB,random,104,adasyn,nn,released,1.0,172.0,0.5072576209930861,0.4538217576052369,0.5606934843809354,0.011627906976744186,1950
ULB,random,104,adasyn,nn,released,5.0,172.0,0.4997151948460088,0.44491785731215333,0.5545125323798643,0.011627906976744186,1950
ULB,random,104,adasyn,nn,fixed,1.0,5000.0,0.5577761627906976,0.5067385162980966,0.6088138092832986,0.011627906976744186,1950
ULB,random,104,adasyn,nn,fixed,5.0,5000.0,0.5477785197988685,0.4962289373367243,0.5993281022610126,0.011627906976744186,1950
ULB,random,104,diffusion,nn,released,1.0,172.0,0.52126217787555,0.4681016582649968,0.5744226974861032,0.0,1950
ULB,random,104,diffusion,nn,released,5.0,172.0,0.5045863450659962,0.450340627039362,0.5588320630926304,0.0,1950
ULB,random,104,diffusion,nn,fixed,1.0,5000.0,0.568421983029541,0.5177661708029369,0.619077795256145,0.0,1950
ULB,random,104,diffusion,nn,fixed,5.0,5000.0,0.548210637963545,0.49647969049522245,0.5999415854318675,0.0,1950
ULB,random,104,ctgan,nn,released,1.0,3440.0,0.4831964959145192,0.4286900535279144,0.537702938301124,0.0,1950
ULB,random,104,ctgan,nn,released,5.0,3440.0,0.48885331552482714,0.4343085369859699,0.5433980940636844,0.0,1950
ULB,random,104,ctgan,nn,fixed,1.0,5000.0,0.4938226744186045,0.4387885686084436,0.5488567802287654,0.0,1950
ULB,random,104,ctgan,nn,fixed,5.0,5000.0,0.488676539912005,0.43377057674418784,0.5435825030798221,0.0,1950
ULB,random,105,diffusion,loss,generator,,,0.9239668447517284,0.889931170170958,0.9580025193324988,,2400
ULB,random,105,ros,nn,released,1.0,344.0,0.8273000471401635,0.7909046330617792,0.8636954612185478,0.6744186046511628,2400
ULB,random,105,ros,nn,released,5.0,344.0,0.6766675832809554,0.6279238855970504,0.7254112809648605,0.6744186046511628,2400
ULB,random,105,ros,nn,fixed,1.0,5000.0,0.9760469044626021,0.957399177931674,0.9946946309935303,1.0,2400
ULB,random,105,ros,nn,fixed,5.0,5000.0,0.9757915619107476,0.957141592607971,0.9944415312135241,1.0,2400
ULB,random,105,smote,nn,released,1.0,1720.0,0.9158253456945313,0.8825782184491666,0.949072472939896,0.0436046511627907,2400
ULB,random,105,smote,nn,released,5.0,1720.0,0.845684710873664,0.8060774783217382,0.8852919434255899,0.0436046511627907,2400
ULB,random,105,smote,nn,fixed,1.0,5000.0,0.939395427404148,0.9083471805882282,0.9704436742200679,0.04941860465116279,2400
ULB,random,105,smote,nn,fixed,5.0,5000.0,0.9125255342551852,0.8749978425968302,0.9500532259135402,0.04941860465116279,2400
ULB,random,105,adasyn,nn,released,1.0,172.0,0.5187480358265242,0.46572433176415995,0.5717717398888884,0.011627906976744186,2400
ULB,random,105,adasyn,nn,released,5.0,172.0,0.49924379321181656,0.44438325019107316,0.55410433623256,0.011627906976744186,2400
ULB,random,105,adasyn,nn,fixed,1.0,5000.0,0.5600546040226273,0.5091384792198357,0.6109707288254189,0.011627906976744186,2400
ULB,random,105,adasyn,nn,fixed,5.0,5000.0,0.5464625235700817,0.49494730179119867,0.5979777453489649,0.011627906976744186,2400
ULB,random,105,diffusion,nn,released,1.0,172.0,0.5219299968573223,0.4688547952389656,0.575005198475679,0.0,2400
ULB,random,105,diffusion,nn,released,5.0,172.0,0.5020329195474544,0.4475546386135681,0.5565112004813408,0.0,2400
ULB,random,105,diffusion,nn,fixed,1.0,5000.0,0.5730574324324325,0.5227690615029239,0.623345803361941,0.0,2400
ULB,random,105,diffusion,nn,fixed,5.0,5000.0,0.5513925989943431,0.4999637403975998,0.6028214575910864,0.0,2400
ULB,random,105,ctgan,nn,released,1.0,3440.0,0.5079450817096165,0.453387429314276,0.562502734104957,0.0,2400
ULB,random,105,ctgan,nn,released,5.0,3440.0,0.5060398334380893,0.45108600524280723,0.5609936616333715,0.0,2400
ULB,random,105,ctgan,nn,fixed,1.0,5000.0,0.502700738529227,0.4474188727607269,0.5579826042977272,0.0,2400
ULB,random,105,ctgan,nn,fixed,5.0,5000.0,0.500166954745443,0.44508534837047004,0.5552485611204161,0.0,2400
ULB,random,106,diffusion,loss,generator,,,0.9194885292269015,0.8846139134341976,0.9543631450196054,,2100
ULB,random,106,ros,nn,released,1.0,344.0,0.818343416090509,0.7812229455277355,0.8554638866532824,0.6569767441860465,2100
ULB,random,106,ros,nn,released,5.0,344.0,0.6633308453802638,0.6138286435570187,0.7128330472035088,0.6569767441860465,2100
ULB,random,106,ros,nn,fixed,1.0,5000.0,0.9760469044626021,0.957399177931674,0.9946946309935303,1.0,2100
ULB,random,106,ros,nn,fixed,5.0,5000.0,0.9760469044626021,0.957399177931674,0.9946946309935303,1.0,2100
ULB,random,106,smote,nn,released,1.0,1720.0,0.9178877278441233,0.8851481915687246,0.950627264119522,0.0436046511627907,2100
ULB,random,106,smote,nn,released,5.0,1720.0,0.8359620521684474,0.7952374105181734,0.8766866938187214,0.0436046511627907,2100
ULB,random,106,smote,nn,fixed,1.0,5000.0,0.9436184003771213,0.9119448355677775,0.9752919651864651,0.04941860465116279,2100
ULB,random,106,smote,nn,fixed,5.0,5000.0,0.9257837052168447,0.8924866286109727,0.9590807818227167,0.04941860465116279,2100
ULB,random,106,adasyn,nn,released,1.0,172.0,0.5166267284726587,0.4634335315307421,0.5698199254145753,0.011627906976744186,2100
ULB,random,106,adasyn,nn,released,5.0,172.0,0.5042524355751101,0.44948927881618417,0.5590155923340361,0.011627906976744186,2100
ULB,random,106,adasyn,nn,fixed,1.0,5000.0,0.5586796825895664,0.5077526334316467,0.609606731747486,0.011627906976744186,2100
ULB,random,106,adasyn,nn,fixed,5.0,5000.0,0.5458732715273413,0.4943281316593519,0.5974184113953308,0.011627906976744186,2100
ULB,random,106,diffusion,nn,released,1.0,172.0,0.5179034412319297,0.46479622319540675,0.5710106592684525,0.0,2100
ULB,random,106,diffusion,nn,released,5.0,172.0,0.5041345851665617,0.45004939529766874,0.5582197750354547,0.0,2100
ULB,random,106,diffusion,nn,fixed,1.0,5000.0,0.5821515556253929,0.5320758201678694,0.6322272910829164,0.0,2100
ULB,random,106,diffusion,nn,fixed,5.0,5000.0,0.5593082181018227,0.5082271277824653,0.6103893084211802,0.0,2100
ULB,random,106,ctgan,nn,released,1.0,3440.0,0.5072576209930861,0.4520792415032647,0.5624360004829076,0.0,2100
ULB,random,106,ctgan,nn,released,5.0,3440.0,0.5094967787554998,0.4543613091460623,0.5646322483649373,0.0,2100
ULB,random,106,ctgan,nn,fixed,1.0,5000.0,0.5011097580138277,0.4447818511000402,0.5574376649276153,0.0,2100
ULB,random,106,ctgan,nn,fixed,5.0,5000.0,0.5011097580138277,0.4450401987827994,0.5571793172448561,0.0,2100
ULB,random,107,diffusion,loss,generator,,,0.9183689503456944,0.8828542860263326,0.9538836146650562,,1950
ULB,random,107,ros,nn,released,1.0,344.0,0.8053307668133247,0.7670302133114685,0.843631320315181,0.6482558139534884,1950
ULB,random,107,ros,nn,released,5.0,344.0,0.6580865021998743,0.6082906890361288,0.7078823153636198,0.6482558139534884,1950
ULB,random,107,ros,nn,fixed,1.0,5000.0,0.9760469044626021,0.957399177931674,0.9946946309935303,1.0,1950
ULB,random,107,ros,nn,fixed,5.0,5000.0,0.9760469044626021,0.957399177931674,0.9946946309935303,1.0,1950
ULB,random,107,smote,nn,released,1.0,1720.0,0.9171609836580765,0.8837331081182787,0.9505888591978744,0.04941860465116279,1950
ULB,random,107,smote,nn,released,5.0,1720.0,0.8317194374607166,0.7895782105945416,0.8738606643268917,0.04941860465116279,1950
ULB,random,107,smote,nn,fixed,1.0,5000.0,0.9303995128849778,0.8956387959599704,0.9651602298099852,0.04941860465116279,1950
ULB,random,107,smote,nn,fixed,5.0,5000.0,0.912014849151477,0.876085341576714,0.94794435672624,0.04941860465116279,1950
ULB,random,107,adasyn,nn,released,1.0,172.0,0.5134054839723443,0.46018486719933194,0.5666261007453567,0.011627906976744186,1950
ULB,random,107,adasyn,nn,released,5.0,172.0,0.49977412005028277,0.44479002944882506,0.5547582106517405,0.011627906976744186,1950
ULB,random,107,adasyn,nn,fixed,1.0,5000.0,0.5592689346323068,0.5083374298566183,0.6102004394079952,0.011627906976744186,1950
ULB,random,107,adasyn,nn,fixed,5.0,5000.0,0.5507247800125707,0.49938644079752137,0.6020631192276201,0.011627906976744186,1950
ULB,random,107,diffusion,nn,released,1.0,172.0,0.5286671118793211,0.47611598168333297,0.5812182420753094,0.0,1950
ULB,random,107,diffusion,nn,released,5.0,172.0,0.505705923947203,0.45154140875330584,0.5598704391411002,0.0,1950
ULB,random,107,diffusion,nn,fixed,1.0,5000.0,0.5752769484600881,0.5250548238858183,0.625499073034358,0.0,1950
ULB,random,107,diffusion,nn,fixed,5.0,5000.0,0.5549477529855438,0.5037328683832258,0.6061626375878617,0.0,1950
ULB,random,107,ctgan,nn,released,1.0,3440.0,0.528549261470773,0.47411536183145025,0.5829831611100957,0.0,1950
ULB,random,107,ctgan,nn,released,5.0,3440.0,0.5174713230672532,0.46278164204380073,0.5721610040907056,0.0,1950
ULB,random,107,ctgan,nn,fixed,1.0,5000.0,0.5114805939660589,0.4565563461708761,0.5664048417612418,0.0,1950
ULB,random,107,ctgan,nn,fixed,5.0,5000.0,0.5132090666247642,0.4580828958326128,0.5683352374169155,0.0,1950
ULB,random,108,diffusion,loss,generator,,,0.9189582023884351,0.8838583305522026,0.9540580742246675,,1950
ULB,random,108,ros,nn,released,1.0,344.0,0.8102706631049654,0.7724567282275455,0.8480845979823853,0.6308139534883721,1950
ULB,random,108,ros,nn,released,5.0,344.0,0.6968003614079195,0.6470203590376217,0.7465803637782172,0.6308139534883721,1950
ULB,random,108,ros,nn,fixed,1.0,5000.0,0.9760469044626021,0.957399177931674,0.9946946309935303,1.0,1950
ULB,random,108,ros,nn,fixed,5.0,5000.0,0.9759683375235702,0.9572734206754846,0.9946632543716557,1.0,1950
ULB,random,108,smote,nn,released,1.0,1720.0,0.9180645034569455,0.8856168828483246,0.9505121240655663,0.0377906976744186,1950
ULB,random,108,smote,nn,released,5.0,1720.0,0.8300498900062854,0.7883170401261352,0.8717827398864355,0.0377906976744186,1950
ULB,random,108,smote,nn,fixed,1.0,5000.0,0.9316369421747328,0.8964740325429293,0.9667998518065363,0.04941860465116279,1950
ULB,random,108,smote,nn,fixed,5.0,5000.0,0.9127023098680074,0.8755418649809351,0.9498627547550796,0.04941860465116279,1950
ULB,random,108,adasyn,nn,released,1.0,172.0,0.5201622407291011,0.46699457634921626,0.573329905108986,0.011627906976744186,1950
ULB,random,108,adasyn,nn,released,5.0,172.0,0.4976135292269013,0.44269185262152116,0.5525352058322813,0.011627906976744186,1950
ULB,random,108,adasyn,nn,fixed,1.0,5000.0,0.556794076052797,0.5057190700154534,0.6078690820901406,0.011627906976744186,1950
ULB,random,108,adasyn,nn,fixed,5.0,5000.0,0.5483088466373351,0.49684230163277615,0.5997753916418941,0.011627906976744186,1950
ULB,random,108,diffusion,nn,released,1.0,172.0,0.5215175204274041,0.46839437182672194,0.5746406690280862,0.0,1950
ULB,random,108,diffusion,nn,released,5.0,172.0,0.5054702231301069,0.4512970174927389,0.5596434287674749,0.0,1950
ULB,random,108,diffusion,nn,fixed,1.0,5000.0,0.5786946103079824,0.528531804717982,0.6288574158979828,0.0,1950
ULB,random,108,diffusion,nn,fixed,5.0,5000.0,0.5545352765556253,0.5032423305587247,0.6058282225525259,0.0,1950
ULB,random,108,ctgan,nn,released,1.0,3440.0,0.5134251257071023,0.4590206709363196,0.567829580477885,0.0,1950
ULB,random,108,ctgan,nn,released,5.0,3440.0,0.5158017756128221,0.4615963679422026,0.5700071832834417,0.0,1950
ULB,random,108,ctgan,nn,fixed,1.0,5000.0,0.5017579352608423,0.4463083908187849,0.5572074797028999,0.0,1950
ULB,random,108,ctgan,nn,fixed,5.0,5000.0,0.498438482086738,0.44289219539320684,0.5539847687802691,0.0,1950
ULB,random,109,diffusion,loss,generator,,,0.9162476429918287,0.8804235265254376,0.9520717594582198,,2100
ULB,random,109,ros,nn,released,1.0,344.0,0.8183139534883719,0.7811245563481066,0.8555033506286371,0.6715116279069767,2100
ULB,random,109,ros,nn,released,5.0,344.0,0.6670038497800126,0.6173997925838651,0.7166079069761601,0.6715116279069767,2100
ULB,random,109,ros,nn,fixed,1.0,5000.0,0.9760469044626021,0.957399177931674,0.9946946309935303,1.0,2100
ULB,random,109,ros,nn,fixed,5.0,5000.0,0.9760469044626021,0.957399177931674,0.9946946309935303,1.0,2100
ULB,random,109,smote,nn,released,1.0,1720.0,0.9165324481458204,0.8832043614691663,0.9498605348224745,0.0436046511627907,2100
ULB,random,109,smote,nn,released,5.0,1720.0,0.8295588466373349,0.7882832838569622,0.8708344094177076,0.0436046511627907,2100
ULB,random,109,smote,nn,fixed,1.0,5000.0,0.9333261313639218,0.8983703919357321,0.9682818707921116,0.04941860465116279,2100
ULB,random,109,smote,nn,fixed,5.0,5000.0,0.9197929761156505,0.8849224321805712,0.9546635200507297,0.04941860465116279,2100
ULB,random,109,adasyn,nn,released,1.0,172.0,0.5119519956002514,0.4586572798706758,0.565246711329827,0.011627906976744186,2100
ULB,random,109,adasyn,nn,released,5.0,172.0,0.49026752042740407,0.43516504683943596,0.5453699940153722,0.011627906976744186,2100
ULB,random,109,adasyn,nn,fixed,1.0,5000.0,0.5581689974858579,0.5070906521319338,0.609247342839782,0.011627906976744186,2100
ULB,random,109,adasyn,nn,fixed,5.0,5000.0,0.5479552954116906,0.49644929486956,0.5994612959538212,0.011627906976744186,2100
ULB,random,109,diffusion,nn,released,1.0,172.0,0.5158214173475801,0.46257860269148293,0.5690642320036773,0.0,2100
ULB,random,109,diffusion,nn,released,5.0,172.0,0.5018954274041483,0.44754193396083675,0.5562489208474598,0.0,2100
ULB,random,109,diffusion,nn,fixed,1.0,5000.0,0.5706414990571966,0.5202140147527193,0.6210689833616739,0.0,2100
ULB,random,109,diffusion,nn,fixed,5.0,5000.0,0.5513533155248271,0.4998778476949955,0.6028287833546588,0.0,2100
ULB,random,109,ctgan,nn,released,1.0,3440.0,0.5172159805153991,0.4623013404336159,0.5721306205971822,0.0,2100
ULB,random,109,ctgan,nn,released,5.0,3440.0,0.5130322910119423,0.45807895181745006,0.5679856302064344,0.0,2100
ULB,random,109,ctgan,nn,fixed,1.0,5000.0,0.5047238372093024,0.4493011852032815,0.5601464892153233,0.0,2100
ULB,random,109,ctgan,nn,fixed,5.0,5000.0,0.5082200659962288,0.45277733802397413,0.5636627939684835,0.0,2100
