method,ratio,classifier,f1_mean,f1_std,auprc_mean,mcc_mean
adasyn,1.0,LogisticRegression,0.45752330226364846,0.0,0.520941122204112,0.4274355653823891
adasyn,1.0,MLP,0.47364039736011065,0.003642204869852947,0.5998437189811446,0.41189828334318274
adasyn,1.0,RandomForest,0.5360813417314051,0.0012037617635937037,0.6399308850816846,0.5344962018206477
adasyn,1.0,XGBoost,0.628069184703197,0.003288524156443598,0.7194092473676913,0.6129034813537332
adasyn,5.0,LogisticRegression,0.42535039609993913,0.0,0.49744501200589203,0.3581242284862381
adasyn,5.0,MLP,0.4738469939316307,0.01729485273102116,0.5842883045121687,0.4078494643117519
adasyn,5.0,RandomForest,0.5545549247370097,0.0033414733321698183,0.6272893880976066,0.491673375238767
adasyn,5.0,XGBoost,0.6336383530547737,0.0012883626951326844,0.6983149732160472,0.599943557990913
ctgan,1.0,LogisticRegression,0.36413708690330476,0.0,0.4742556231564283,0.3715338112652296
ctgan,1.0,MLP,0.5513076685401658,0.008219239454978561,0.6091328007052872,0.4888618989504017
ctgan,1.0,RandomForest,0.4202858073490714,0.008058026459369766,0.602893805622128,0.46859447053945824
ctgan,1.0,XGBoost,0.6079359561148633,0.003815883029203183,0.7192250205980075,0.6040796243056941
ctgan,5.0,LogisticRegression,0.3751820565103408,0.0,0.45027028028461596,0.36255074712996765
ctgan,5.0,MLP,0.5455888726186928,0.0056211161752124225,0.6088360314392798,0.5138242507853298
ctgan,5.0,RandomForest,0.3991086883064044,0.005664558762040459,0.5899464154565836,0.452356106753929
ctgan,5.0,XGBoost,0.5965131912353653,0.002415014004193635,0.7110693722750207,0.5930809600970067
diffusion,1.0,LogisticRegression,0.42303306727480045,0.0,0.49329785141036925,0.4106110938481797
diffusion,1.0,MLP,0.49127996843476734,0.021057128037212398,0.5783061772762218,0.42299140204896957
diffusion,1.0,RandomForest,0.3880553853722219,0.0023947835757205348,0.5843776438369556,0.44701712931880994
diffusion,1.0,XGBoost,0.6042674771233489,0.0018580912109027396,0.7202955363886222,0.5992686582671359
diffusion,5.0,LogisticRegression,0.3427047988366457,0.0,0.3895252148576871,0.24405601279392938
diffusion,5.0,MLP,0.515032223119074,0.008665569352107895,0.5530967886700101,0.44983265049708976
diffusion,5.0,RandomForest,0.3850424425046182,0.002081131632592005,0.5812600348583904,0.4426829386194035
diffusion,5.0,XGBoost,0.5949081489878454,0.0031420416414225582,0.7135117975946,0.5911300887584386
none,0.0,LogisticRegression,0.3891625615763547,0.0,0.5233011325999736,0.4056938686425949
none,0.0,MLP,0.49853691031555397,0.018130556102538654,0.6107597821178294,0.43735166570150225
none,0.0,RandomForest,0.47056335052714166,0.0005121923766497827,0.6347845629636993,0.5049754909525448
none,0.0,XGBoost,0.6256721646074573,0.00350776622292722,0.7342946461487437,0.6186673681419749
ros,1.0,LogisticRegression,0.4568128117616172,0.0,0.5193659197732391,0.42254860023221347
ros,1.0,MLP,0.5091515075608541,0.016606864061199236,0.6132003682331708,0.44684725312747137
ros,1.0,RandomForest,0.5488696490166032,0.002872850541713305,0.6381212053719555,0.5349971155097067
ros,1.0,XGBoost,0.6576042288745764,0.003186885702900868,0.7300361517007762,0.6273519447209079
ros,5.0,LogisticRegression,0.46149408710700895,0.0,0.5078222863463174,0.39031082846187976
ros,5.0,MLP,0.5041590610823329,0.009605102542435273,0.6192144257977366,0.44291493324261505
ros,5.0,RandomForest,0.5294988226971333,0.0041416179073202886,0.6361578574071892,0.4663776216803965
ros,5.0,XGBoost,0.6248480592609892,0.0009211355686466346,0.7249121082616137,0.5737358571703288
smote,1.0,LogisticRegression,0.4551214361140444,0.0,0.5194754535895927,0.42215706102903877
smote,1.0,MLP,0.5111014124202257,0.021230017787916798,0.6103159580398055,0.4481192471295639
smote,1.0,RandomForest,0.533294956168948,0.002637829635966083,0.6345921672177501,0.5312191367339543
smote,1.0,XGBoost,0.6312322938013049,0.006676287351581931,0.721905575942836,0.615435544538614
smote,5.0,LogisticRegression,0.45625974762512406,0.0,0.508426534417434,0.3849275105328592
smote,5.0,MLP,0.5059742998634488,0.013027263546245678,0.6031512950208112,0.4396232731195757
smote,5.0,RandomForest,0.5554988888217481,0.0012537822046346867,0.6300084911835064,0.49285275242005433
smote,5.0,XGBoost,0.6337424673504976,0.003920114573367965,0.7041274386132909,0.6006947633412515
