method,ratio,classifier,seed,precision,recall,f1,auprc,mcc
none,0.0,LogisticRegression,0,0.7452830188679245,0.2633333333333333,0.3891625615763547,0.5233011325999736,0.40569386864259493
none,0.0,RandomForest,0,0.9008264462809917,0.3179166666666667,0.4699722821065599,0.6346329321097965,0.5059231447442799
none,0.0,MLP,0,0.352394143252869,0.7420833333333333,0.47786423396833916,0.6102216979910853,0.41812729888384376
none,0.0,XGBoost,0,0.8554744525547445,0.48833333333333334,0.6217506631299735,0.7324411259512391,0.6144463361517881
ros,1.0,LogisticRegression,0,0.6174591909155429,0.3625,0.4568128117616172,0.5193659197732391,0.42254860023221347
ros,1.0,RandomForest,0,0.7764350453172205,0.42833333333333334,0.5520945220193341,0.6399123870137124,0.5386842781501494
ros,1.0,MLP,0,0.389652761594034,0.6966666666666667,0.49977581826333883,0.6017426858611044,0.43572378736089357
ros,1.0,XGBoost,0,0.7686274509803922,0.5716666666666667,0.6556750298685783,0.730559164544823,0.6256677812555704
ros,5.0,LogisticRegression,0,0.35288928098808997,0.6666666666666666,0.46149408710700895,0.5078222863463174,0.39031082846187976
ros,5.0,RandomForest,0,0.43329804129168875,0.6820833333333334,0.529944966008417,0.6361766996185954,0.46707301548948166
ros,5.0,MLP,0,0.3955892487939352,0.7175,0.5099955575299867,0.6223131070784766,0.44930388765014667
ros,5.0,XGBoost,0,0.5545837382572076,0.7133333333333334,0.6240204118826317,0.7232893721724791,0.5726495820908719
smote,1.0,LogisticRegression,0,0.6210374639769453,0.3591666666666667,0.4551214361140444,0.5194754535895927,0.42215706102903877
smote,1.0,RandomForest,0,0.8050209205020921,0.4008333333333333,0.5351877607788595,0.6343395034593441,0.532179454953724
smote,1.0,MLP,0,0.3730037190986655,0.7104166666666667,0.4891694161526323,0.5966874012825012,0.4259065850178959
smote,1.0,XGBoost,0,0.8240109140518418,0.5033333333333333,0.6249353336782204,0.7198353212285323,0.6100459678835686
smote,5.0,LogisticRegression,0,0.34579840962819686,0.6704166666666667,0.45625974762512406,0.508426534417434,0.3849275105328592
smote,5.0,RandomForest,0,0.5130927105449399,0.6041666666666666,0.5549177190968235,0.6307359546611572,0.4921821580704835
smote,5.0,MLP,0,0.4363327674023769,0.6425,0.5197168857431749,0.6027282948611103,0.4527704830484149
smote,5.0,XGBoost,0,0.738521836506159,0.5495833333333333,0.6301958910654563,0.7020967204779801,0.5969159504270689
adasyn,1.0,LogisticRegression,0,0.6339483394833948,0.35791666666666666,0.45752330226364846,0.520941122204112,0.427435565382389
adasyn,1.0,RandomForest,0,0.8219533275713051,0.39625,0.534720269890357,0.6400625323186246,0.5360189423233304
adasyn,1.0,MLP,0,0.35275689223057644,0.70375,0.4699499165275459,0.5801212632912146,0.4041167832226172
adasyn,1.0,XGBoost,0,0.8254620123203286,0.5025,0.6247086247086248,0.7188081417343908,0.6101752860058418
adasyn,5.0,LogisticRegression,0,0.3006029285099053,0.7270833333333333,0.4253503960999391,0.49744501200589203,0.3581242284862381
adasyn,5.0,RandomForest,0,0.500827540549487,0.6304166666666666,0.5581995941708172,0.6270156376627981,0.495854939806423
adasyn,5.0,MLP,0,0.3656216216216216,0.7045833333333333,0.481423487544484,0.587687915117303,0.4167413668650563
adasyn,5.0,XGBoost,0,0.7374517374517374,0.5570833333333334,0.6347021125089011,0.6979756796827237,0.6008103379242781
diffusion,1.0,LogisticRegression,0,0.6696750902527075,0.30916666666666665,0.42303306727480045,0.4932978514103693,0.4106110938481797
diffusion,1.0,RandomForest,0,0.9117647058823529,0.24541666666666667,0.38673670387393305,0.5814531964852118,0.4457197470868902
diffusion,1.0,MLP,0,0.3522318595303575,0.69375,0.4672372667321454,0.5756763403155093,0.39985717937776843
diffusion,1.0,XGBoost,0,0.8547400611620795,0.4658333333333333,0.6030204962243797,0.722124922429294,0.5988095822371396
diffusion,5.0,LogisticRegression,0,0.24162679425837322,0.5891666666666666,0.3427047988366457,0.3895252148576871,0.24405601279392938
diffusion,5.0,RandomForest,0,0.9022900763358779,0.24625,0.38690671031096563,0.5819594678672841,0.4435601169606388
diffusion,5.0,MLP,0,0.5261615738802846,0.52375,0.5249530173313844,0.5641477462818967,0.4617798177225973
diffusion,5.0,XGBoost,0,0.845679012345679,0.45666666666666667,0.5930735930735931,0.7112597027134909,0.5885441958431593
ctgan,1.0,LogisticRegression,0,0.6854838709677419,0.24791666666666667,0.36413708690330476,0.4742556231564282,0.3715338112652296
ctgan,1.0,RandomForest,0,0.90625,0.2658333333333333,0.4110824742268041,0.6000862980084549,0.46274741170426087
ctgan,1.0,MLP,0,0.4773087908600444,0.6266666666666667,0.5418843451630337,0.6093117643777407,0.47711686253184304
ctgan,1.0,XGBoost,0,0.853030303030303,0.4691666666666667,0.6053763440860215,0.7186749474363535,0.6003434886675917
ctgan,5.0,LogisticRegression,0,0.6234269119070668,0.2683333333333333,0.3751820565103408,0.450270280284616,0.36255074712996765
ctgan,5.0,RandomForest,0,0.9095022624434389,0.25125,0.39373163565132224,0.5861601704574234,0.45045380799943435
ctgan,5.0,MLP,0,0.7244039270687237,0.43041666666666667,0.5399895452169368,0.6088415285017028,0.51627763236594
ctgan,5.0,XGBoost,0,0.8567002323780015,0.4608333333333333,0.5992955838526145,0.711654892825075,0.5962221704266748
none,0.0,LogisticRegression,1,0.7452830188679245,0.2633333333333333,0.3891625615763547,0.5233011325999736,0.40569386864259493
none,0.0,RandomForest,1,0.8939393939393939,0.31958333333333333,0.470841006752609,0.6348301599758367,0.50486205597136
none,0.0,MLP,1,0.38779134295227524,0.7279166666666667,0.5060101375814627,0.6142961571978697,0.4463763826873241
none,0.0,XGBoost,1,0.8603636363636363,0.49291666666666667,0.6267549668874172,0.734738257758866,0.6197270145571957
ros,1.0,LogisticRegression,1,0.6174591909155429,0.3625,0.4568128117616172,0.5193659197732391,0.42254860023221347
ros,1.0,RandomForest,1,0.762825278810409,0.4275,0.5479305740987984,0.6374133154041898,0.5320159559480766
ros,1.0,MLP,1,0.427394438722966,0.6916666666666667,0.5283259070655634,0.6172616335981163,0.46621163628308926
ros,1.0,XGBoost,1,0.7668711656441718,0.5729166666666666,0.6558549964226091,0.7305985663142559,0.625510922386591
ros,5.0,LogisticRegression,1,0.35288928098808997,0.6666666666666666,0.46149408710700895,0.5078222863463174,0.39031082846187976
ros,5.0,RandomForest,1,0.44144144144144143,0.67375,0.5333993072736269,0.6382121514833152,0.4701508821996074
ros,5.0,MLP,1,0.37312794180573383,0.7266666666666667,0.4930732258976534,0.6190093986662903,0.43229670056161473
ros,5.0,XGBoost,1,0.5549468256525942,0.7175,0.6258404506632745,0.724424164241073,0.5748744867978897
smote,1.0,LogisticRegression,1,0.6210374639769453,0.3591666666666667,0.4551214361140444,0.5194754535895927,0.42215706102903877
smote,1.0,RandomForest,1,0.8030431107354185,0.3958333333333333,0.5302818866871337,0.6331258260186656,0.5278122550429611
smote,1.0,MLP,1,0.433105981112277,0.6879166666666666,0.5315518351577592,0.6188964669899766,0.46936482741508595
smote,1.0,XGBoost,1,0.8160158835208471,0.51375,0.6305292763998978,0.7211266054901665,0.613057044303435
smote,5.0,LogisticRegression,1,0.34579840962819686,0.6704166666666667,0.45625974762512406,0.508426534417434,0.3849275105328592
smote,5.0,RandomForest,1,0.5129203539823008,0.60375,0.5546411483253588,0.6307881447114438,0.49186659375112124
smote,5.0,MLP,1,0.3821917808219178,0.6975,0.49380530973451325,0.6076593827547153,0.42933193580756407
smote,5.0,XGBoost,1,0.7367256637168141,0.555,0.6330798479087453,0.7030671523826578,0.5991978507923009
adasyn,1.0,LogisticRegression,1,0.6339483394833948,0.35791666666666666,0.45752330226364846,0.520941122204112,0.427435565382389
adasyn,1.0,RandomForest,1,0.8082077051926299,0.40208333333333335,0.5370061213132999,0.6388574273116132,0.5344090699225572
adasyn,1.0,MLP,1,0.34429327286470146,0.7591666666666667,0.4737389495579823,0.6154332895333474,0.4163352591827511
adasyn,1.0,XGBoost,1,0.8221024258760108,0.5083333333333333,0.6282183316168898,0.7197172676023672,0.6124125388210384
adasyn,5.0,LogisticRegression,1,0.3006029285099053,0.7270833333333333,0.4253503960999391,0.49744501200589203,0.3581242284862381
adasyn,5.0,RandomForest,1,0.4913708889612504,0.62875,0.5516358983732407,0.6253856622448946,0.48830620443430195
adasyn,5.0,MLP,1,0.331229680627271,0.7216666666666667,0.45405688818980205,0.5823499862052309,0.3891852964235079
adasyn,5.0,XGBoost,1,0.7385041551246537,0.5554166666666667,0.6340071343638526,0.7004966726370048,0.6003720354867089
diffusion,1.0,LogisticRegression,1,0.6696750902527075,0.30916666666666665,0.42303306727480045,0.4932978514103693,0.4106110938481797
diffusion,1.0,RandomForest,1,0.916923076923077,0.24833333333333332,0.39081967213114754,0.5863299034473606,0.4500473457728595
diffusion,1.0,MLP,1,0.4069524307370622,0.64875,0.5001606167683906,0.5739856257719358,0.4314233109129398
diffusion,1.0,XGBoost,1,0.8557327258921792,0.46958333333333335,0.6064030131826742,0.7219676000696872,0.6018172449042526
diffusion,5.0,LogisticRegression,1,0.24162679425837322,0.5891666666666666,0.3427047988366457,0.3895252148576871,0.24405601279392938
diffusion,5.0,RandomForest,1,0.9024767801857585,0.24291666666666667,0.38279711096520025,0.5806151895459153,0.4405066506297336
diffusion,5.0,MLP,1,0.4770408163265306,0.5454166666666667,0.5089424572317263,0.5452723664900714,0.4397488544714519
diffusion,5.0,XGBoost,1,0.8564778898370831,0.46,0.598536188669016,0.7159463645513691,0.5955497634367157
ctgan,1.0,LogisticRegression,1,0.6854838709677419,0.24791666666666667,0.36413708690330476,0.4742556231564282,0.3715338112652296
ctgan,1.0,RandomForest,1,0.8993288590604027,0.2791666666666667,0.4260731319554849,0.6061314430721394,0.4723456354782187
ctgan,1.0,MLP,1,0.5346876197776926,0.58125,0.5569974046715911,0.6133540994792621,0.49568234402240796
ctgan,1.0,XGBoost,1,0.8640850417615793,0.4741666666666667,0.6123217648641377,0.7199322919652572,0.6086275217452265
ctgan,5.0,LogisticRegression,1,0.6234269119070668,0.2683333333333333,0.3751820565103408,0.450270280284616,0.36255074712996765
ctgan,5.0,RandomForest,1,0.8909348441926346,0.26208333333333333,0.4050225370251127,0.5938186829869914,0.4544277331913681
ctgan,5.0,MLP,1,0.6740963855421687,0.46625,0.551231527093596,0.6114134106379422,0.5140237267924146
ctgan,5.0,XGBoost,1,0.851823118696664,0.4575,0.5952832746001626,0.7121996634512555,0.5917976895719508
none,0.0,LogisticRegression,2,0.7452830188679245,0.2633333333333333,0.3891625615763547,0.5233011325999736,0.40569386864259493
none,0.0,RandomForest,2,0.8909512761020881,0.32,0.47087676272225626,0.6348905968054647,0.5041412721419946
none,0.0,MLP,2,0.4081329035457476,0.6858333333333333,0.5117363593968599,0.6077614911645335,0.4475513155333388
none,0.0,XGBoost,2,0.8631732168850073,0.49416666666666664,0.6285108638049814,0.7357045547361262,0.6218287537169409
ros,1.0,LogisticRegression,2,0.6174591909155429,0.3625,0.4568128117616172,0.5193659197732391,0.42254860023221347
ros,1.0,RandomForest,2,0.7766692248656946,0.4216666666666667,0.546583850931677,0.6370379136979643,0.534291112430894
ros,1.0,MLP,2,0.3812870634746321,0.7233333333333334,0.4993527973536603,0.6205967852402918,0.43860633573843116
ros,1.0,XGBoost,2,0.7690607734806629,0.58,0.6612826603325416,0.7289507242432498,0.6308771305205624
ros,5.0,LogisticRegression,2,0.35288928098808997,0.6666666666666666,0.46149408710700895,0.5078222863463174,0.39031082846187976
ros,5.0,RandomForest,2,0.42660072878709004,0.6829166666666666,0.5251521948093559,0.634084721119657,0.46190896735210035
ros,5.0,MLP,2,0.3987744520386519,0.705,0.5094083998193587,0.6163207716484427,0.4471442115160839
ros,5.0,XGBoost,2,0.5521433141394754,0.7191666666666666,0.6246833152370612,0.7270227883712891,0.5736835026222249
smote,1.0,LogisticRegression,2,0.6210374639769453,0.3591666666666667,0.4551214361140444,0.5194754535895927,0.42215706102903877
smote,1.0,RandomForest,2,0.813458262350937,0.39791666666666664,0.5344152210408506,0.6363111721752407,0.5336657002051777
smote,1.0,MLP,2,0.40716212901643367,0.6916666666666667,0.5125829859502856,0.6153640058469387,0.44908632895570993
smote,1.0,XGBoost,2,0.8324396782841823,0.5175,0.6382322713257965,0.7247548011098089,0.6232036214288388
smote,5.0,LogisticRegression,2,0.34579840962819686,0.6704166666666667,0.45625974762512406,0.508426534417434,0.3849275105328592
smote,5.0,RandomForest,2,0.5150442477876106,0.60625,0.5569377990430622,0.6285013741779184,0.49450950543855815
smote,5.0,MLP,2,0.4094570018186542,0.6566666666666666,0.504400704112658,0.5990662074466078,0.4367674005027482
smote,5.0,XGBoost,2,0.7492973580663294,0.5554166666666667,0.6379516630772912,0.7072184429792345,0.6059704888043849
adasyn,1.0,LogisticRegression,2,0.6339483394833948,0.35791666666666666,0.45752330226364846,0.520941122204112,0.427435565382389
adasyn,1.0,RandomForest,2,0.8043297252289758,0.4025,0.5365176339905582,0.6408726956148162,0.5330605932160555
adasyn,1.0,MLP,2,0.35518013433747203,0.7270833333333333,0.47723232599480375,0.6039766041188718,0.4152428076241799
adasyn,1.0,XGBoost,2,0.8271438217420661,0.5104166666666666,0.6312805977840763,0.7197023327663157,0.6161226192343194
adasyn,5.0,LogisticRegression,2,0.3006029285099053,0.7270833333333333,0.4253503960999391,0.49744501200589203,0.3581242284862381
adasyn,5.0,RandomForest,2,0.493324649951156,0.63125,0.5538292816669713,0.6294668643851269,0.49085898147557605
adasyn,5.0,MLP,2,0.3819047619047619,0.6683333333333333,0.4860606060606061,0.5828270122139723,0.4176217296466915
adasyn,5.0,XGBoost,2,0.7380422691879867,0.5529166666666666,0.6322058122915674,0.696472567328413,0.5986483005617522
diffusion,1.0,LogisticRegression,2,0.6696750902527075,0.30916666666666665,0.42303306727480045,0.4932978514103693,0.4106110938481797
diffusion,1.0,RandomForest,2,0.910355486862442,0.24541666666666667,0.38660978011158514,0.5853498315782941,0.44528429509668027
diffusion,1.0,MLP,2,0.41954022988505746,0.63875,0.5064420218037661,0.5852565657412204,0.4376937158562005
diffusion,1.0,XGBoost,2,0.8465011286681715,0.46875,0.6033789219629928,0.7167940866668854,0.5971791476600157
diffusion,5.0,LogisticRegression,2,0.24162679425837322,0.5891666666666666,0.3427047988366457,0.3895252148576871,0.24405601279392938
diffusion,5.0,RandomForest,2,0.9086687306501547,0.24458333333333335,0.3854235062376888,0.581205447161972,0.443982048267838
diffusion,5.0,MLP,2,0.5238303454306953,0.49916666666666665,0.5112011947941114,0.5498702532380624,0.4479692792972202
diffusion,5.0,XGBoost,2,0.8487199379363848,0.4558333333333333,0.593114665220927,0.7133293255189398,0.5892963069954408
ctgan,1.0,LogisticRegression,2,0.6854838709677419,0.24791666666666667,0.36413708690330476,0.4742556231564282,0.3715338112652296
ctgan,1.0,RandomForest,2,0.8998646820027063,0.27708333333333335,0.4237018158649251,0.6024636757857896,0.4706903644358951
ctgan,1.0,MLP,2,0.5367847411444142,0.5745833333333333,0.5550412557858724,0.6047325382588589,0.49378649029695426
ctgan,1.0,XGBoost,2,0.8629715165511932,0.46708333333333335,0.6061097593944309,0.7190678223924118,0.603267862504264
ctgan,5.0,LogisticRegression,2,0.6234269119070668,0.2683333333333333,0.3751820565103408,0.450270280284616,0.36255074712996765
ctgan,5.0,RandomForest,2,0.9016152716593245,0.25583333333333336,0.39857189224277834,0.5898603929253357,0.4521867790709846
ctgan,5.0,MLP,2,0.6829573934837093,0.45416666666666666,0.5455455455455456,0.6062531551781944,0.5111713931976345
ctgan,5.0,XGBoost,2,0.8505034856700232,0.4575,0.5949607152533188,0.7093535605487314,0.5912230202923944
