method,ratio,classifier,seed,stage,precision,recall,f1,auprc,mcc
none,0.0,LogisticRegression,0,screen,0.8504672897196262,0.6148648648648649,0.7137254901960784,0.7079521311988636,0.7227394748444592
none,0.0,RandomForest,0,screen,0.9391304347826087,0.7297297297297297,0.8212927756653993,0.8099467764440116,0.8275821904619493
none,0.0,MLP,0,screen,0.2016260162601626,0.8378378378378378,0.32503276539973786,0.727779482394956,0.40930896635928277
none,0.0,XGBoost,0,screen,0.9565217391304348,0.7432432432432432,0.8365019011406845,0.8347612148353162,0.8429361056164761
ros,0.5,LogisticRegression,0,screen,0.8305084745762712,0.6621621621621622,0.7368421052631579,0.715663177523823,0.7411805874314299
ros,0.5,RandomForest,0,screen,0.9333333333333333,0.7567567567567568,0.835820895522388,0.8120930977212976,0.8401782615218701
ros,0.5,MLP,0,screen,0.34444444444444444,0.8378378378378378,0.4881889763779528,0.7747390394569817,0.5360970076112834
ros,0.5,XGBoost,0,screen,0.9385964912280702,0.722972972972973,0.816793893129771,0.8139148103215983,0.8235019870716306
ros,1.0,LogisticRegression,0,screen,0.7938931297709924,0.7027027027027027,0.7455197132616488,0.7149380273513379,0.7464966737250033
ros,1.0,RandomForest,0,screen,0.904,0.7635135135135135,0.8278388278388278,0.8043970063681092,0.8305274683462215
ros,1.0,MLP,0,screen,0.31794871794871793,0.8378378378378378,0.46096654275092935,0.7807180649096594,0.5149391970193635
ros,1.0,XGBoost,0,screen,0.9098360655737705,0.75,0.8222222222222222,0.8238279882637076,0.8257932710559693
ros,2.0,LogisticRegression,0,screen,0.7801418439716312,0.7432432432432432,0.7612456747404844,0.718369085522367,0.7610654905148729
ros,2.0,RandomForest,0,screen,0.8712121212121212,0.777027027027027,0.8214285714285714,0.806665905940605,0.8224847914548116
ros,2.0,MLP,0,screen,0.3583815028901734,0.8378378378378378,0.5020242914979757,0.775662524457495,0.5468978426864712
ros,2.0,XGBoost,0,screen,0.875,0.8040540540540541,0.8380281690140845,0.826213432656718,0.8385103655943604
ros,5.0,LogisticRegression,0,screen,0.75,0.7702702702702703,0.76,0.7178484347950324,0.7596457654298228
ros,5.0,RandomForest,0,screen,0.8602941176470589,0.7905405405405406,0.823943661971831,0.8142395614833239,0.8243898013563964
ros,5.0,MLP,0,screen,0.5240174672489083,0.8108108108108109,0.636604774535809,0.7806191545490414,0.6511093427971165
ros,5.0,XGBoost,0,screen,0.8805970149253731,0.7972972972972973,0.8368794326241135,0.8352057557375366,0.8376467752258893
ros,10.0,LogisticRegression,0,screen,0.7048192771084337,0.7905405405405406,0.7452229299363057,0.7160345928489363,0.7459866892504929
ros,10.0,RandomForest,0,screen,0.8676470588235294,0.7972972972972973,0.8309859154929577,0.8166571171490218,0.8314500834753784
ros,10.0,MLP,0,screen,0.5194805194805194,0.8108108108108109,0.633245382585752,0.7834644492995281,0.6482733902378295
ros,10.0,XGBoost,0,screen,0.8984375,0.777027027027027,0.8333333333333334,0.8352615610074188,0.8352680948079786
smote,0.5,LogisticRegression,0,screen,0.8362068965517241,0.6554054054054054,0.7348484848484849,0.7121793741404574,0.7399166484138038
smote,0.5,RandomForest,0,screen,0.9112903225806451,0.7635135135135135,0.8308823529411765,0.8059648002077981,0.833877564554466
smote,0.5,MLP,0,screen,0.2850574712643678,0.8378378378378378,0.42538593481989706,0.7321795676946478,0.4873982491895136
smote,0.5,XGBoost,0,screen,0.957983193277311,0.7702702702702703,0.8539325842696629,0.8302190279254738,0.8588031796473411
smote,1.0,LogisticRegression,0,screen,0.824,0.6959459459459459,0.7545787545787546,0.7162330180773534,0.7568883628544103
smote,1.0,RandomForest,0,screen,0.9112903225806451,0.7635135135135135,0.8308823529411765,0.8123850721858149,0.833877564554466
smote,1.0,MLP,0,screen,0.2966507177033493,0.8378378378378378,0.4381625441696113,0.7784650613090851,0.4972797589693417
smote,1.0,XGBoost,0,screen,0.9338842975206612,0.7635135135135135,0.8401486988847584,0.8265122837740615,0.844175649525994
smote,2.0,LogisticRegression,0,screen,0.7883211678832117,0.7297297297297297,0.7578947368421053,0.7192934371781257,0.7580576200839839
smote,2.0,RandomForest,0,screen,0.8837209302325582,0.7702702702702703,0.8231046931407943,0.808311969941408,0.8247676305274212
smote,2.0,MLP,0,screen,0.30808080808080807,0.8243243243243243,0.4485294117647059,0.7664685106198286,0.5027104597159479
smote,2.0,XGBoost,0,screen,0.8888888888888888,0.8108108108108109,0.8480565371024735,0.8223485360052036,0.8487039129852547
smote,5.0,LogisticRegression,0,screen,0.7793103448275862,0.7635135135135135,0.7713310580204779,0.7195486963599539,0.7709789044835109
smote,5.0,RandomForest,0,screen,0.8805970149253731,0.7972972972972973,0.8368794326241135,0.8175147231157408,0.8376467752258893
smote,5.0,MLP,0,screen,0.44776119402985076,0.8108108108108109,0.5769230769230769,0.7385461769889303,0.6016699348437763
smote,5.0,XGBoost,0,screen,0.8840579710144928,0.8243243243243243,0.8531468531468531,0.8400452113315302,0.8534245524292269
smote,10.0,LogisticRegression,0,screen,0.7388535031847133,0.7837837837837838,0.760655737704918,0.7199218232303354,0.7605605414039165
smote,10.0,RandomForest,0,screen,0.8633093525179856,0.8108108108108109,0.8362369337979094,0.8219218958192577,0.8363744274061733
smote,10.0,MLP,0,screen,0.5,0.7972972972972973,0.6145833333333334,0.7731776093262783,0.6306161299313053
smote,10.0,XGBoost,0,screen,0.8489208633093526,0.7972972972972973,0.8222996515679443,0.8317786055342942,0.8224068289450869
adasyn,0.5,LogisticRegression,0,screen,0.775,0.6283783783783784,0.6940298507462687,0.7044144540593464,0.6973830107575109
adasyn,0.5,RandomForest,0,screen,0.9421487603305785,0.7702702702702703,0.8475836431226765,0.8155581982670267,0.8516601125195125
adasyn,0.5,MLP,0,screen,0.25571725571725573,0.831081081081081,0.39109697933227344,0.7618882261040912,0.45957063382314395
adasyn,0.5,XGBoost,0,screen,0.9333333333333333,0.7567567567567568,0.835820895522388,0.8255256340671794,0.8401782615218701
adasyn,1.0,LogisticRegression,0,screen,0.7769230769230769,0.6824324324324325,0.7266187050359713,0.6950221718608862,0.7277070707501323
adasyn,1.0,RandomForest,0,screen,0.9349593495934959,0.777027027027027,0.8487084870848709,0.8242768166837583,0.8521153034484891
adasyn,1.0,MLP,0,screen,0.3287671232876712,0.8108108108108109,0.4678362573099415,0.7482359571618826,0.5151288110075672
adasyn,1.0,XGBoost,0,screen,0.904,0.7635135135135135,0.8278388278388278,0.8187375651100142,0.8305274683462215
adasyn,2.0,LogisticRegression,0,screen,0.7446808510638298,0.7094594594594594,0.726643598615917,0.6864961192023948,0.7263946248601735
adasyn,2.0,RandomForest,0,screen,0.9349593495934959,0.777027027027027,0.8487084870848709,0.8248288902484252,0.8521153034484891
adasyn,2.0,MLP,0,screen,0.4306569343065693,0.7972972972972973,0.5592417061611374,0.7515630511625911,0.585058770390938
adasyn,2.0,XGBoost,0,screen,0.926829268292683,0.7702702702702703,0.8413284132841329,0.8162714039006062,0.8446918521285012
adasyn,5.0,LogisticRegression,0,screen,0.6285714285714286,0.7432432432432432,0.6811145510835913,0.6754838246089501,0.6829140267044749
adasyn,5.0,RandomForest,0,screen,0.8805970149253731,0.7972972972972973,0.8368794326241135,0.8269980902182281,0.8376467752258893
adasyn,5.0,MLP,0,screen,0.48535564853556484,0.7837837837837838,0.599483204134367,0.751806977942379,0.6159709036453178
adasyn,5.0,XGBoost,0,screen,0.7569444444444444,0.7364864864864865,0.7465753424657534,0.7847893270443668,0.7462119029619155
adasyn,10.0,LogisticRegression,0,screen,0.3986013986013986,0.7702702702702703,0.5253456221198156,0.661215176140247,0.5531006057400543
adasyn,10.0,RandomForest,0,screen,0.8357142857142857,0.7905405405405406,0.8125,0.8267610464700184,0.81249829423411
adasyn,10.0,MLP,0,screen,0.5244444444444445,0.7972972972972973,0.6327077747989276,0.7535776462683984,0.6459102111481553
adasyn,10.0,XGBoost,0,screen,0.7450980392156863,0.7702702702702703,0.7574750830564784,0.7834522633133424,0.7571521007674112
diffusion,0.5,LogisticRegression,0,screen,0.7903225806451613,0.6621621621621622,0.7205882352941176,0.7154227150979408,0.7229750528122901
diffusion,0.5,RandomForest,0,screen,0.9166666666666666,0.7432432432432432,0.8208955223880597,0.8126723949642223,0.8251471824940428
diffusion,0.5,MLP,0,screen,0.20435510887772193,0.8243243243243243,0.3275167785234899,0.6834020066768738,0.4087370240945905
diffusion,0.5,XGBoost,0,screen,0.9333333333333333,0.7567567567567568,0.835820895522388,0.8279880552647181,0.8401782615218701
diffusion,1.0,LogisticRegression,0,screen,0.7786259541984732,0.6891891891891891,0.7311827956989247,0.715564175206798,0.7321095780998326
diffusion,1.0,RandomForest,0,screen,0.925,0.75,0.8283582089552238,0.8192708679987424,0.8326627220079565
diffusion,1.0,MLP,0,screen,0.2767857142857143,0.8378378378378378,0.4161073825503356,0.7720735971415925,0.48022353549847396
diffusion,1.0,XGBoost,0,screen,0.9193548387096774,0.7702702702702703,0.8382352941176471,0.8049550897502488,0.8412710653372778
diffusion,2.0,LogisticRegression,0,screen,0.7785714285714286,0.7364864864864865,0.7569444444444444,0.7156644298133383,0.7568274687958244
diffusion,2.0,RandomForest,0,screen,0.9411764705882353,0.7567567567567568,0.8389513108614233,0.8206561288361442,0.8437091654028916
diffusion,2.0,MLP,0,screen,0.2182468694096601,0.8243243243243243,0.3451202263083451,0.727562579068723,0.4225365269898433
diffusion,2.0,XGBoost,0,screen,0.9024390243902439,0.75,0.8191881918819188,0.8153102736812042,0.8224214981685375
diffusion,5.0,LogisticRegression,0,screen,0.7108433734939759,0.7972972972972973,0.7515923566878981,0.715883314132722,0.7523783518740749
diffusion,5.0,RandomForest,0,screen,0.8778625954198473,0.777027027027027,0.8243727598566308,0.8278139599374432,0.825625699663442
diffusion,5.0,MLP,0,screen,0.2860576923076923,0.8040540540540541,0.4219858156028369,0.701163212755037,0.47826429438282075
diffusion,5.0,XGBoost,0,screen,0.8028169014084507,0.7702702702702703,0.7862068965517242,0.8015480540853787,0.7860124419460747
diffusion,10.0,LogisticRegression,0,screen,0.48760330578512395,0.7972972972972973,0.6051282051282051,0.7034890028806063,0.6227163941662138
diffusion,10.0,RandomForest,0,screen,0.8592592592592593,0.7837837837837838,0.8197879858657244,0.8245788492761119,0.8203585468577366
diffusion,10.0,MLP,0,screen,0.19966996699669967,0.8175675675675675,0.3209549071618037,0.7138246521146042,0.4023057904068757
diffusion,10.0,XGBoost,0,screen,0.7204968944099379,0.7837837837837838,0.7508090614886731,0.810766154400805,0.7510258077720665
ctgan,0.5,LogisticRegression,0,screen,0.8571428571428571,0.6081081081081081,0.7114624505928854,0.7174552956366341,0.7215757773960791
ctgan,0.5,RandomForest,0,screen,0.9243697478991597,0.7432432432432432,0.8239700374531835,0.8082160257561659,0.8286151511584421
ctgan,0.5,MLP,0,screen,0.2604166666666667,0.8445945945945946,0.3980891719745223,0.7511134036551709,0.46758436446852125
ctgan,0.5,XGBoost,0,screen,0.9338842975206612,0.7635135135135135,0.8401486988847584,0.8165958494812023,0.844175649525994
ctgan,1.0,LogisticRegression,0,screen,0.8584905660377359,0.6148648648648649,0.7165354330708661,0.7181552607866158,0.7261502159368178
ctgan,1.0,RandomForest,0,screen,0.8951612903225806,0.75,0.8161764705882353,0.8065905810802095,0.8190905629888426
ctgan,1.0,MLP,0,screen,0.23277467411545624,0.8445945945945946,0.36496350364963503,0.7515776359082607,0.44186918799186115
ctgan,1.0,XGBoost,0,screen,0.9166666666666666,0.7432432432432432,0.8208955223880597,0.8195385826800063,0.8251471824940428
ctgan,2.0,LogisticRegression,0,screen,0.8532110091743119,0.6283783783783784,0.7237354085603113,0.7178328630405054,0.731829499243997
ctgan,2.0,RandomForest,0,screen,0.9016393442622951,0.7432432432432432,0.8148148148148148,0.8075888106481981,0.8183395015263052
ctgan,2.0,MLP,0,screen,0.26552462526766596,0.8378378378378378,0.4032520325203252,0.758557975419223,0.4702800407245331
ctgan,2.0,XGBoost,0,screen,0.9140625,0.7905405405405406,0.8478260869565217,0.8307666390497604,0.8498225568345814
ctgan,5.0,LogisticRegression,0,screen,0.8559322033898306,0.6824324324324325,0.7593984962406015,0.7176128070254431,0.7639172096940944
ctgan,5.0,RandomForest,0,screen,0.8951612903225806,0.75,0.8161764705882353,0.7952531982066166,0.8190905629888426
ctgan,5.0,MLP,0,screen,0.37462235649546827,0.8378378378378378,0.5177453027139874,0.776604274543796,0.5592209353439194
ctgan,5.0,XGBoost,0,screen,0.9448818897637795,0.8108108108108109,0.8727272727272727,0.8349913793785507,0.8750867568805487
ctgan,10.0,LogisticRegression,0,screen,0.8608695652173913,0.668918918918919,0.752851711026616,0.7131786487621204,0.7584895722665779
ctgan,10.0,RandomForest,0,screen,0.8888888888888888,0.7567567567567568,0.8175182481751825,0.7965748797384596,0.8198826289054217
ctgan,10.0,MLP,0,screen,0.44765342960288806,0.8378378378378378,0.5835294117647059,0.7929659390357047,0.6115737018894205
ctgan,10.0,XGBoost,0,screen,0.9354838709677419,0.7837837837837838,0.8529411764705882,0.8348625610879005,0.8560580669029012
none,0.0,LogisticRegression,1,screen,0.8504672897196262,0.6148648648648649,0.7137254901960784,0.7079521311988636,0.7227394748444592
none,0.0,RandomForest,1,screen,0.9316239316239316,0.7364864864864865,0.8226415094339623,0.8113656749531525,0.8280727466435761
none,0.0,MLP,1,screen,0.2204585537918871,0.8445945945945946,0.34965034965034963,0.7116941101123825,0.42991652242080763
none,0.0,XGBoost,1,screen,0.9508196721311475,0.7837837837837838,0.8592592592592593,0.8351339190839141,0.8630621187042897
ros,0.5,LogisticRegression,1,screen,0.8305084745762712,0.6621621621621622,0.7368421052631579,0.715663177523823,0.7411805874314299
ros,0.5,RandomForest,1,screen,0.9256198347107438,0.7567567567567568,0.8327137546468402,0.8121090839997345,0.8366911865324755
ros,0.5,MLP,1,screen,0.26898047722342733,0.8378378378378378,0.4072249589490969,0.7561323305569909,0.47335375887058184
ros,0.5,XGBoost,1,screen,0.92,0.777027027027027,0.8424908424908425,0.8286174213165645,0.8452552894445837
ros,1.0,LogisticRegression,1,screen,0.7938931297709924,0.7027027027027027,0.7455197132616488,0.7149380273513379,0.7464966737250033
ros,1.0,RandomForest,1,screen,0.8712121212121212,0.777027027027027,0.8214285714285714,0.8080589223726209,0.8224847914548116
ros,1.0,MLP,1,screen,0.2917647058823529,0.8378378378378378,0.4328097731239092,0.7548091666595338,0.49313930455741306
ros,1.0,XGBoost,1,screen,0.9344262295081968,0.7702702702702703,0.8444444444444444,0.8390683468570925,0.8481545796449615
ros,2.0,LogisticRegression,1,screen,0.7801418439716312,0.7432432432432432,0.7612456747404844,0.718369085522367,0.7610654905148729
ros,2.0,RandomForest,1,screen,0.8778625954198473,0.777027027027027,0.8243727598566308,0.8084738885878556,0.825625699663442
ros,2.0,MLP,1,screen,0.5042372881355932,0.8040540540540541,0.6197916666666666,0.7687691641118588,0.6359789126989855
ros,2.0,XGBoost,1,screen,0.8992248062015504,0.7837837837837838,0.8375451263537906,0.8216357303273006,0.8392656551257366
ros,5.0,LogisticRegression,1,screen,0.75,0.7702702702702703,0.76,0.7178484347950324,0.7596457654298228
ros,5.0,RandomForest,1,screen,0.8676470588235294,0.7972972972972973,0.8309859154929577,0.8157782255096923,0.8314500834753784
ros,5.0,MLP,1,screen,0.5062761506276151,0.8175675675675675,0.6253229974160207,0.7887881235549192,0.6426164669575719
ros,5.0,XGBoost,1,screen,0.9274193548387096,0.777027027027027,0.8455882352941176,0.8352215912803843,0.8486645661200894
ros,10.0,LogisticRegression,1,screen,0.7048192771084337,0.7905405405405406,0.7452229299363057,0.7160345928489363,0.7459866892504929
ros,10.0,RandomForest,1,screen,0.85,0.8040540540540541,0.8263888888888888,0.8163888955342904,0.8264160005936814
ros,10.0,MLP,1,screen,0.5381165919282511,0.8108108108108109,0.6469002695417789,0.7882660078692743,0.6598446259620602
ros,10.0,XGBoost,1,screen,0.9007633587786259,0.7972972972972973,0.8458781362007168,0.8393830945578352,0.847206343101198
smote,0.5,LogisticRegression,1,screen,0.8362068965517241,0.6554054054054054,0.7348484848484849,0.7121793741404574,0.7399166484138038
smote,0.5,RandomForest,1,screen,0.9032258064516129,0.7567567567567568,0.8235294117647058,0.8104003876113385,0.8264840637716543
smote,0.5,MLP,1,screen,0.20701168614357263,0.8378378378378378,0.3319946452476573,0.7603084887925866,0.41479388719480614
smote,0.5,XGBoost,1,screen,0.9349593495934959,0.777027027027027,0.8487084870848709,0.8286915637403696,0.8521153034484891
smote,1.0,LogisticRegression,1,screen,0.824,0.6959459459459459,0.7545787545787546,0.7162330180773534,0.7568883628544103
smote,1.0,RandomForest,1,screen,0.9193548387096774,0.7702702702702703,0.8382352941176471,0.8153601702953921,0.8412710653372778
smote,1.0,MLP,1,screen,0.2727272727272727,0.831081081081081,0.41068447412353926,0.7444861917364245,0.4747276930911109
smote,1.0,XGBoost,1,screen,0.9426229508196722,0.777027027027027,0.8518518518518519,0.8370190085259857,0.8556083491746256
smote,2.0,LogisticRegression,1,screen,0.7883211678832117,0.7297297297297297,0.7578947368421053,0.7192934371781257,0.7580576200839839
smote,2.0,RandomForest,1,screen,0.8769230769230769,0.7702702702702703,0.8201438848920863,0.8124234446087872,0.8215816304825133
smote,2.0,MLP,1,screen,0.38485804416403785,0.8243243243243243,0.524731182795699,0.7590830849951876,0.5622427557773745
smote,2.0,XGBoost,1,screen,0.8805970149253731,0.7972972972972973,0.8368794326241135,0.829116910876234,0.8376467752258893
smote,5.0,LogisticRegression,1,screen,0.7793103448275862,0.7635135135135135,0.7713310580204779,0.7195486963599539,0.7709789044835109
smote,5.0,RandomForest,1,screen,0.875,0.8040540540540541,0.8380281690140845,0.8215704264786333,0.8385103655943604
smote,5.0,MLP,1,screen,0.4896265560165975,0.7972972972972973,0.6066838046272494,0.7757187992890013,0.6240125300814248
smote,5.0,XGBoost,1,screen,0.8666666666666667,0.7905405405405406,0.8268551236749117,0.8288439236418204,0.827444888389616
smote,10.0,LogisticRegression,1,screen,0.7388535031847133,0.7837837837837838,0.760655737704918,0.7199218232303354,0.7605605414039165
smote,10.0,RandomForest,1,screen,0.8263888888888888,0.8040540540540541,0.815068493150685,0.8247240604211977,0.8148287294436645
smote,10.0,MLP,1,screen,0.38461538461538464,0.8108108108108109,0.5217391304347826,0.7585024930912604,0.5574213837502795
smote,10.0,XGBoost,1,screen,0.8652482269503546,0.8243243243243243,0.8442906574394463,0.8364470952282907,0.8442755680861517
adasyn,0.5,LogisticRegression,1,screen,0.775,0.6283783783783784,0.6940298507462687,0.7044144540593464,0.6973830107575109
adasyn,0.5,RandomForest,1,screen,0.95,0.7702702702702703,0.8507462686567164,0.8184219917727618,0.8552093405496974
adasyn,0.5,MLP,1,screen,0.2687224669603524,0.8243243243243243,0.4053156146179402,0.7581846400848672,0.46927338477155306
adasyn,0.5,XGBoost,1,screen,0.9274193548387096,0.777027027027027,0.8455882352941176,0.8336221991430814,0.8486645661200894
adasyn,1.0,LogisticRegression,1,screen,0.7769230769230769,0.6824324324324325,0.7266187050359713,0.6950221718608862,0.7277070707501323
adasyn,1.0,RandomForest,1,screen,0.9193548387096774,0.7702702702702703,0.8382352941176471,0.8220836585530575,0.8412710653372778
adasyn,1.0,MLP,1,screen,0.30612244897959184,0.8108108108108109,0.4444444444444444,0.7489805227160105,0.4969560409227124
adasyn,1.0,XGBoost,1,screen,0.9047619047619048,0.7702702702702703,0.8321167883211679,0.8232001001034273,0.8345519758159267
adasyn,2.0,LogisticRegression,1,screen,0.7446808510638298,0.7094594594594594,0.726643598615917,0.6864961192023948,0.7263946248601735
adasyn,2.0,RandomForest,1,screen,0.8914728682170543,0.777027027027027,0.8303249097472925,0.823161413140369,0.832016642826579
adasyn,2.0,MLP,1,screen,0.35735735735735735,0.8040540540540541,0.49480249480249483,0.7413180889690156,0.5349438559577563
adasyn,2.0,XGBoost,1,screen,0.855072463768116,0.7972972972972973,0.8251748251748252,0.8248117488110618,0.8253884880534892
adasyn,5.0,LogisticRegression,1,screen,0.6285714285714286,0.7432432432432432,0.6811145510835913,0.6754838246089501,0.6829140267044749
adasyn,5.0,RandomForest,1,screen,0.8666666666666667,0.7905405405405406,0.8268551236749117,0.8255046148027313,0.827444888389616
adasyn,5.0,MLP,1,screen,0.4591439688715953,0.7972972972972973,0.582716049382716,0.7760051936843528,0.6041901986424909
adasyn,5.0,XGBoost,1,screen,0.7972027972027972,0.7702702702702703,0.7835051546391752,0.7917304682712143,0.7832519894277473
adasyn,10.0,LogisticRegression,1,screen,0.3986013986013986,0.7702702702702703,0.5253456221198156,0.661215176140247,0.5531006057400543
adasyn,10.0,RandomForest,1,screen,0.7866666666666666,0.7972972972972973,0.7919463087248322,0.824907603099435,0.7916007669314621
adasyn,10.0,MLP,1,screen,0.5333333333333333,0.8108108108108109,0.6434316353887399,0.7448774756635003,0.6568941197882079
adasyn,10.0,XGBoost,1,screen,0.7733333333333333,0.7837837837837838,0.7785234899328859,0.7826343694552315,0.7781541969899438
diffusion,0.5,LogisticRegression,1,screen,0.7903225806451613,0.6621621621621622,0.7205882352941176,0.7154227150979408,0.7229750528122901
diffusion,0.5,RandomForest,1,screen,0.9652173913043478,0.75,0.844106463878327,0.8171806232203787,0.8506130631937396
diffusion,0.5,MLP,1,screen,0.20032840722495895,0.8243243243243243,0.32232496697490093,0.7287556595637916,0.4046491009039284
diffusion,0.5,XGBoost,1,screen,0.9274193548387096,0.777027027027027,0.8455882352941176,0.8351961415811044,0.8486645661200894
diffusion,1.0,LogisticRegression,1,screen,0.7786259541984732,0.6891891891891891,0.7311827956989247,0.715564175206798,0.7321095780998326
diffusion,1.0,RandomForest,1,screen,0.9652173913043478,0.75,0.844106463878327,0.8186996007777242,0.8506130631937396
diffusion,1.0,MLP,1,screen,0.22527472527472528,0.831081081081081,0.35446685878962536,0.7522334806683726,0.4311161035134497
diffusion,1.0,XGBoost,1,screen,0.9076923076923077,0.7972972972972973,0.8489208633093526,0.8173196110135069,0.850466110400169
diffusion,2.0,LogisticRegression,1,screen,0.7785714285714286,0.7364864864864865,0.7569444444444444,0.7156644298133383,0.7568274687958244
diffusion,2.0,RandomForest,1,screen,0.9411764705882353,0.7567567567567568,0.8389513108614233,0.823400412106641,0.8437091654028916
diffusion,2.0,MLP,1,screen,0.21731448763250882,0.831081081081081,0.3445378151260504,0.7401298299471795,0.423360395469065
diffusion,2.0,XGBoost,1,screen,0.8740157480314961,0.75,0.8072727272727273,0.7881782186732915,0.8093347140654503
diffusion,5.0,LogisticRegression,1,screen,0.7108433734939759,0.7972972972972973,0.7515923566878981,0.715883314132722,0.7523783518740749
diffusion,5.0,RandomForest,1,screen,0.8646616541353384,0.777027027027027,0.8185053380782918,0.8270993057707303,0.8193793452874251
diffusion,5.0,MLP,1,screen,0.22972972972972974,0.8040540540540541,0.35735735735735735,0.6840549487605911,0.42821431855407815
diffusion,5.0,XGBoost,1,screen,0.8156028368794326,0.777027027027027,0.7958477508650519,0.8018399864602681,0.7957363561695724
diffusion,10.0,LogisticRegression,1,screen,0.48760330578512395,0.7972972972972973,0.6051282051282051,0.7034890028806063,0.6227163941662138
diffusion,10.0,RandomForest,1,screen,0.8592592592592593,0.7837837837837838,0.8197879858657244,0.8282301127961315,0.8203585468577366
diffusion,10.0,MLP,1,screen,0.32409972299168976,0.7905405405405406,0.45972495088408644,0.705923476467111,0.5049750849782143
diffusion,10.0,XGBoost,1,screen,0.7647058823529411,0.7905405405405406,0.7774086378737541,0.7901391744285956,0.7771235842813307
ctgan,0.5,LogisticRegression,1,screen,0.8571428571428571,0.6081081081081081,0.7114624505928854,0.7174552956366341,0.7215757773960791
ctgan,0.5,RandomForest,1,screen,0.9090909090909091,0.7432432432432432,0.8178438661710037,0.8059481726736148,0.8217222605454385
ctgan,0.5,MLP,1,screen,0.16779431664411368,0.8378378378378378,0.27959413754227735,0.7131285844176897,0.37301372010101613
ctgan,0.5,XGBoost,1,screen,0.9487179487179487,0.75,0.8377358490566038,0.8371742599997694,0.8432950444952942
ctgan,1.0,LogisticRegression,1,screen,0.8584905660377359,0.6148648648648649,0.7165354330708661,0.7181552607866158,0.7261502159368178
ctgan,1.0,RandomForest,1,screen,0.888,0.75,0.8131868131868132,0.8051945893586562,0.8157996472478592
ctgan,1.0,MLP,1,screen,0.22920517560073936,0.8378378378378378,0.3599419448476052,0.7541804723484667,0.4366700666319761
ctgan,1.0,XGBoost,1,screen,0.9285714285714286,0.7905405405405406,0.8540145985401459,0.8358228901468139,0.8565559961816841
ctgan,2.0,LogisticRegression,1,screen,0.8532110091743119,0.6283783783783784,0.7237354085603113,0.7178328630405054,0.731829499243997
ctgan,2.0,RandomForest,1,screen,0.873015873015873,0.7432432432432432,0.8029197080291971,0.804510604966583,0.8052132819949167
ctgan,2.0,MLP,1,screen,0.36176470588235293,0.831081081081081,0.5040983606557377,0.7683546318317671,0.5472586597421529
ctgan,2.0,XGBoost,1,screen,0.9416666666666667,0.7635135135135135,0.8432835820895522,0.8161431584702656,0.8476938010357838
ctgan,5.0,LogisticRegression,1,screen,0.8559322033898306,0.6824324324324325,0.7593984962406015,0.7176128070254431,0.7639172096940944
ctgan,5.0,RandomForest,1,screen,0.8809523809523809,0.75,0.8102189781021898,0.7999901305836392,0.8125479554501692
ctgan,5.0,MLP,1,screen,0.3649851632047478,0.831081081081081,0.5072164948453608,0.773774500701655,0.5497027779965744
ctgan,5.0,XGBoost,1,screen,0.9375,0.8108108108108109,0.8695652173913043,0.8360641151544607,0.8716542498744857
ctgan,10.0,LogisticRegression,1,screen,0.8608695652173913,0.668918918918919,0.752851711026616,0.7131786487621204,0.7584895722665779
ctgan,10.0,RandomForest,1,screen,0.8818897637795275,0.7567567567567568,0.8145454545454546,0.796049244848343,0.8166404966004612
ctgan,10.0,MLP,1,screen,0.5570776255707762,0.8243243243243243,0.6648501362397821,0.7816963641616654,0.6769992433781442
ctgan,10.0,XGBoost,1,screen,0.9140625,0.7905405405405406,0.8478260869565217,0.8386761201741318,0.8498225568345814
none,0.0,LogisticRegression,2,screen,0.8504672897196262,0.6148648648648649,0.7137254901960784,0.7079521311988636,0.7227394748444592
none,0.0,RandomForest,2,screen,0.9322033898305084,0.7432432432432432,0.8270676691729323,0.8113744796762308,0.8321270764820877
none,0.0,MLP,2,screen,0.11436413540713632,0.8445945945945946,0.20145044319097502,0.7257722002829344,0.30832811328159204
none,0.0,XGBoost,2,screen,0.9568965517241379,0.75,0.8409090909090909,0.8336791071519535,0.8469304141468152
ros,0.5,LogisticRegression,2,screen,0.8305084745762712,0.6621621621621622,0.7368421052631579,0.715663177523823,0.7411805874314299
ros,0.5,RandomForest,2,screen,0.8818897637795275,0.7567567567567568,0.8145454545454546,0.8068902661633998,0.8166404966004612
ros,0.5,MLP,2,screen,0.27293064876957496,0.8243243243243243,0.41008403361344536,0.7543192503367763,0.4729613419049207
ros,0.5,XGBoost,2,screen,0.9495798319327731,0.7635135135135135,0.846441947565543,0.819997765527171,0.8512561725251163
ros,1.0,LogisticRegression,2,screen,0.7938931297709924,0.7027027027027027,0.7455197132616488,0.7149380273513379,0.7464966737250033
ros,1.0,RandomForest,2,screen,0.8984375,0.777027027027027,0.8333333333333334,0.811022265320596,0.8352680948079786
ros,1.0,MLP,2,screen,0.3485714285714286,0.8243243243243243,0.4899598393574297,0.774977154696966,0.5349327953607258
ros,1.0,XGBoost,2,screen,0.9173553719008265,0.75,0.8252788104089219,0.826109609011072,0.829206723538957
ros,2.0,LogisticRegression,2,screen,0.7801418439716312,0.7432432432432432,0.7612456747404844,0.718369085522367,0.7610654905148729
ros,2.0,RandomForest,2,screen,0.9,0.7905405405405406,0.841726618705036,0.8097654442906881,0.8432449904207551
ros,2.0,MLP,2,screen,0.41638225255972694,0.8243243243243243,0.5532879818594104,0.7768455808364526,0.5849343237339623
ros,2.0,XGBoost,2,screen,0.8602941176470589,0.7905405405405406,0.823943661971831,0.8067269289712863,0.8243898013563964
ros,5.0,LogisticRegression,2,screen,0.75,0.7702702702702703,0.76,0.7178484347950324,0.7596457654298228
ros,5.0,RandomForest,2,screen,0.8439716312056738,0.8040540540540541,0.8235294117647058,0.8173427066063403,0.823473048693332
ros,5.0,MLP,2,screen,0.5150214592274678,0.8108108108108109,0.6299212598425197,0.7695126810259885,0.6454739826834848
ros,5.0,XGBoost,2,screen,0.8939393939393939,0.7972972972972973,0.8428571428571429,0.8363967162672798,0.8439836606238235
ros,10.0,LogisticRegression,2,screen,0.7048192771084337,0.7905405405405406,0.7452229299363057,0.7160345928489363,0.7459866892504929
ros,10.0,RandomForest,2,screen,0.8428571428571429,0.7972972972972973,0.8194444444444444,0.8136913325054577,0.8194571474138957
ros,10.0,MLP,2,screen,0.5219298245614035,0.8040540540540541,0.6329787234042553,0.7843308623764627,0.6470854739902202
ros,10.0,XGBoost,2,screen,0.8939393939393939,0.7972972972972973,0.8428571428571429,0.8380094531885918,0.8439836606238235
smote,0.5,LogisticRegression,2,screen,0.8362068965517241,0.6554054054054054,0.7348484848484849,0.7121793741404574,0.7399166484138038
smote,0.5,RandomForest,2,screen,0.9193548387096774,0.7702702702702703,0.8382352941176471,0.8089773428114656,0.8412710653372778
smote,0.5,MLP,2,screen,0.15442092154420922,0.8378378378378378,0.2607781282860147,0.7366157264600985,0.35765219390197167
smote,0.5,XGBoost,2,screen,0.9344262295081968,0.7702702702702703,0.8444444444444444,0.831971535671796,0.8481545796449615
smote,1.0,LogisticRegression,2,screen,0.824,0.6959459459459459,0.7545787545787546,0.7162330180773534,0.7568883628544103
smote,1.0,RandomForest,2,screen,0.890625,0.7702702702702703,0.8260869565217391,0.813619134315291,0.8279908637946771
smote,1.0,MLP,2,screen,0.327027027027027,0.8175675675675675,0.4671814671814672,0.7634977194471757,0.5159006289233137
smote,1.0,XGBoost,2,screen,0.9105691056910569,0.7567567567567568,0.8265682656826568,0.8273507452387517,0.8298449494885254
smote,2.0,LogisticRegression,2,screen,0.7883211678832117,0.7297297297297297,0.7578947368421053,0.7192934371781257,0.7580576200839839
smote,2.0,RandomForest,2,screen,0.8992248062015504,0.7837837837837838,0.8375451263537906,0.8113670216464084,0.8392656551257366
smote,2.0,MLP,2,screen,0.38977635782747605,0.8243243243243243,0.5292841648590022,0.7716830707082631,0.5658429413695706
smote,2.0,XGBoost,2,screen,0.8805970149253731,0.7972972972972973,0.8368794326241135,0.8257748949323771,0.8376467752258893
smote,5.0,LogisticRegression,2,screen,0.7793103448275862,0.7635135135135135,0.7713310580204779,0.7195486963599539,0.7709789044835109
smote,5.0,RandomForest,2,screen,0.8571428571428571,0.8108108108108109,0.8333333333333334,0.8182427305669103,0.8333748537734671
smote,5.0,MLP,2,screen,0.4275618374558304,0.8175675675675675,0.5614849187935035,0.6983200194101852,0.5903304323642096
smote,5.0,XGBoost,2,screen,0.8832116788321168,0.8175675675675675,0.8491228070175438,0.8328989041781999,0.8495062332277441
smote,10.0,LogisticRegression,2,screen,0.7388535031847133,0.7837837837837838,0.760655737704918,0.7199218232303354,0.7605605414039165
smote,10.0,RandomForest,2,screen,0.8321678321678322,0.8040540540540541,0.8178694158075601,0.8197394832530026,0.8176799513592466
smote,10.0,MLP,2,screen,0.4978902953586498,0.7972972972972973,0.612987012987013,0.7782772766941417,0.6292787329338946
smote,10.0,XGBoost,2,screen,0.875,0.8040540540540541,0.8380281690140845,0.8315015812636695,0.8385103655943604
adasyn,0.5,LogisticRegression,2,screen,0.775,0.6283783783783784,0.6940298507462687,0.7044144540593464,0.6973830107575109
adasyn,0.5,RandomForest,2,screen,0.9193548387096774,0.7702702702702703,0.8382352941176471,0.8161388615473569,0.8412710653372778
adasyn,0.5,MLP,2,screen,0.2645161290322581,0.831081081081081,0.401305057096248,0.7023332511035738,0.4674723774680781
adasyn,0.5,XGBoost,2,screen,0.9411764705882353,0.7567567567567568,0.8389513108614233,0.8255299158197588,0.8437091654028916
adasyn,1.0,LogisticRegression,2,screen,0.7769230769230769,0.6824324324324325,0.7266187050359713,0.6950221718608862,0.7277070707501323
adasyn,1.0,RandomForest,2,screen,0.9338842975206612,0.7635135135135135,0.8401486988847584,0.8219938410564406,0.844175649525994
adasyn,1.0,MLP,2,screen,0.3761755485893417,0.8108108108108109,0.5139186295503212,0.7727424206344541,0.5512382606851296
adasyn,1.0,XGBoost,2,screen,0.9173553719008265,0.75,0.8252788104089219,0.8171914299306904,0.829206723538957
adasyn,2.0,LogisticRegression,2,screen,0.7446808510638298,0.7094594594594594,0.726643598615917,0.6864961192023948,0.7263946248601735
adasyn,2.0,RandomForest,2,screen,0.936,0.7905405405405406,0.8571428571428571,0.8270693841544399,0.859983110542946
adasyn,2.0,MLP,2,screen,0.44776119402985076,0.8108108108108109,0.5769230769230769,0.7707573419439196,0.6016699348437763
adasyn,2.0,XGBoost,2,screen,0.9327731092436975,0.75,0.8314606741573034,0.8185373526258906,0.8361621582806669
adasyn,5.0,LogisticRegression,2,screen,0.6285714285714286,0.7432432432432432,0.6811145510835913,0.6754838246089501,0.6829140267044749
adasyn,5.0,RandomForest,2,screen,0.855072463768116,0.7972972972972973,0.8251748251748252,0.8274689532175404,0.8253884880534892
adasyn,5.0,MLP,2,screen,0.4666666666666667,0.8040540540540541,0.5905707196029777,0.7603064692439432,0.6117253998649995
adasyn,5.0,XGBoost,2,screen,0.8222222222222222,0.75,0.784452296819788,0.8026539159789995,0.7849268391983388
adasyn,10.0,LogisticRegression,2,screen,0.3986013986013986,0.7702702702702703,0.5253456221198156,0.661215176140247,0.5531006057400543
adasyn,10.0,RandomForest,2,screen,0.8137931034482758,0.7972972972972973,0.8054607508532423,0.8286960427066132,0.8051690085846804
adasyn,10.0,MLP,2,screen,0.5265486725663717,0.8040540540540541,0.6363636363636364,0.7667884184676703,0.6499537341746079
adasyn,10.0,XGBoost,2,screen,0.8014184397163121,0.7635135135135135,0.7820069204152249,0.7940974836582562,0.7818680099076926
diffusion,0.5,LogisticRegression,2,screen,0.7903225806451613,0.6621621621621622,0.7205882352941176,0.7154227150979408,0.7229750528122901
diffusion,0.5,RandomForest,2,screen,0.9032258064516129,0.7567567567567568,0.8235294117647058,0.8115650558880549,0.8264840637716543
diffusion,0.5,MLP,2,screen,0.19273301737756715,0.8243243243243243,0.31241997439180536,0.668443525363909,0.3968236152334648
diffusion,0.5,XGBoost,2,screen,0.9576271186440678,0.7635135135135135,0.849624060150376,0.8314443802031215,0.8548636987447522
diffusion,1.0,LogisticRegression,2,screen,0.7786259541984732,0.6891891891891891,0.7311827956989247,0.715564175206798,0.7321095780998326
diffusion,1.0,RandomForest,2,screen,0.9421487603305785,0.7702702702702703,0.8475836431226765,0.8183889979738673,0.8516601125195125
diffusion,1.0,MLP,2,screen,0.28337236533957844,0.8175675675675675,0.42086956521739133,0.7512983507597225,0.4800009723695963
diffusion,1.0,XGBoost,2,screen,0.9411764705882353,0.7567567567567568,0.8389513108614233,0.8203070103522514,0.8437091654028916
diffusion,2.0,LogisticRegression,2,screen,0.7785714285714286,0.7364864864864865,0.7569444444444444,0.7156644298133383,0.7568274687958244
diffusion,2.0,RandomForest,2,screen,0.9572649572649573,0.7567567567567568,0.8452830188679246,0.821143491993744,0.8509061934211533
diffusion,2.0,MLP,2,screen,0.2579957356076759,0.8175675675675675,0.39222042139384117,0.7709831749413739,0.4578404233791138
diffusion,2.0,XGBoost,2,screen,0.890625,0.7702702702702703,0.8260869565217391,0.8148250721960576,0.8279908637946771
diffusion,5.0,LogisticRegression,2,screen,0.7108433734939759,0.7972972972972973,0.7515923566878981,0.715883314132722,0.7523783518740749
diffusion,5.0,RandomForest,2,screen,0.8854961832061069,0.7837837837837838,0.8315412186379928,0.8254810838464222,0.8328192474760274
diffusion,5.0,MLP,2,screen,0.21228070175438596,0.8175675675675675,0.3370473537604457,0.7299144178226703,0.41494329941609326
diffusion,5.0,XGBoost,2,screen,0.8156028368794326,0.777027027027027,0.7958477508650519,0.8071319131423699,0.7957363561695724
diffusion,10.0,LogisticRegression,2,screen,0.48760330578512395,0.7972972972972973,0.6051282051282051,0.7034890028806063,0.6227163941662138
diffusion,10.0,RandomForest,2,screen,0.8382352941176471,0.7702702702702703,0.8028169014084507,0.8283215960668799,0.8032089549994502
diffusion,10.0,MLP,2,screen,0.3430232558139535,0.7972972972972973,0.4796747967479675,0.7344044795831073,0.5218261139722296
diffusion,10.0,XGBoost,2,screen,0.8013698630136986,0.7905405405405406,0.7959183673469388,0.806648718856246,0.795585139645364
ctgan,0.5,LogisticRegression,2,screen,0.8571428571428571,0.6081081081081081,0.7114624505928854,0.7174552956366341,0.7215757773960791
ctgan,0.5,RandomForest,2,screen,0.9166666666666666,0.7432432432432432,0.8208955223880597,0.8113650302645724,0.8251471824940428
ctgan,0.5,MLP,2,screen,0.1731301939058172,0.8445945945945946,0.28735632183908044,0.7511434225960217,0.3805071046502374
ctgan,0.5,XGBoost,2,screen,0.9338842975206612,0.7635135135135135,0.8401486988847584,0.8196806788828653,0.844175649525994
ctgan,1.0,LogisticRegression,2,screen,0.8584905660377359,0.6148648648648649,0.7165354330708661,0.7181552607866158,0.7261502159368178
ctgan,1.0,RandomForest,2,screen,0.9024390243902439,0.75,0.8191881918819188,0.8049929642156919,0.8224214981685375
ctgan,1.0,MLP,2,screen,0.38485804416403785,0.8243243243243243,0.524731182795699,0.7508432827944799,0.5622427557773745
ctgan,1.0,XGBoost,2,screen,0.9262295081967213,0.7635135135135135,0.837037037037037,0.8170403121676488,0.8407008101152975
ctgan,2.0,LogisticRegression,2,screen,0.8532110091743119,0.6283783783783784,0.7237354085603113,0.7178328630405054,0.731829499243997
ctgan,2.0,RandomForest,2,screen,0.9032258064516129,0.7567567567567568,0.8235294117647058,0.8050935718811271,0.8264840637716543
ctgan,2.0,MLP,2,screen,0.3398328690807799,0.8243243243243243,0.4812623274161736,0.7278431817765743,0.5281450511634106
ctgan,2.0,XGBoost,2,screen,0.9354838709677419,0.7837837837837838,0.8529411764705882,0.8315380030278552,0.8560580669029012
ctgan,5.0,LogisticRegression,2,screen,0.8559322033898306,0.6824324324324325,0.7593984962406015,0.7176128070254431,0.7639172096940944
ctgan,5.0,RandomForest,2,screen,0.888,0.75,0.8131868131868132,0.8021009991164608,0.8157996472478592
ctgan,5.0,MLP,2,screen,0.3948220064724919,0.8243243243243243,0.5339168490153173,0.7804674320739581,0.5695126860969257
ctgan,5.0,XGBoost,2,screen,0.9512195121951219,0.7905405405405406,0.8634686346863468,0.8326664168554656,0.8669622060884647
ctgan,10.0,LogisticRegression,2,screen,0.8608695652173913,0.668918918918919,0.752851711026616,0.7131786487621204,0.7584895722665779
ctgan,10.0,RandomForest,2,screen,0.8818897637795275,0.7567567567567568,0.8145454545454546,0.7998227907396354,0.8166404966004612
ctgan,10.0,MLP,2,screen,0.5520361990950227,0.8243243243243243,0.6612466124661247,0.7849361736630828,0.673917647355809
ctgan,10.0,XGBoost,2,screen,0.9285714285714286,0.7905405405405406,0.8540145985401459,0.833784418117242,0.8565559961816841
none,0.0,LogisticRegression,3,confirm,0.8504672897196262,0.6148648648648649,0.7137254901960784,0.7079521311988636,0.7227394748444592
none,0.0,RandomForest,3,confirm,0.9487179487179487,0.75,0.8377358490566038,0.8104538511818233,0.8432950444952942
none,0.0,MLP,3,confirm,0.14775413711583923,0.8445945945945946,0.2515090543259557,0.7109782681316507,0.3511638500410487
none,0.0,XGBoost,3,confirm,0.9426229508196722,0.777027027027027,0.8518518518518519,0.8368883498538435,0.8556083491746256
ros,2.0,LogisticRegression,3,confirm,0.7801418439716312,0.7432432432432432,0.7612456747404844,0.718369085522367,0.7610654905148729
ros,2.0,RandomForest,3,confirm,0.8787878787878788,0.7837837837837838,0.8285714285714286,0.8127442066674256,0.8296510811778155
ros,10.0,MLP,3,confirm,0.5350877192982456,0.8243243243243243,0.648936170212766,0.7793144548117912,0.6634528722912063
ros,5.0,XGBoost,3,confirm,0.8823529411764706,0.8108108108108109,0.8450704225352113,0.8385371745382599,0.8455706477133426
smote,5.0,LogisticRegression,3,confirm,0.7793103448275862,0.7635135135135135,0.7713310580204779,0.7195486963599539,0.7709789044835109
smote,5.0,RandomForest,3,confirm,0.8740740740740741,0.7972972972972973,0.833922261484099,0.8203415275723843,0.8345312299214956
smote,10.0,MLP,3,confirm,0.44649446494464945,0.8175675675675675,0.5775656324582339,0.7728822747704088,0.6033204549448854
smote,0.5,XGBoost,3,confirm,0.9741379310344828,0.7635135135135135,0.8560606060606061,0.8380066630627865,0.8622180949658169
adasyn,2.0,LogisticRegression,3,confirm,0.7446808510638298,0.7094594594594594,0.726643598615917,0.6864961192023948,0.7263946248601735
adasyn,0.5,RandomForest,3,confirm,0.9495798319327731,0.7635135135135135,0.846441947565543,0.8165601323587922,0.8512561725251163
adasyn,10.0,MLP,3,confirm,0.5021097046413502,0.8040540540540541,0.6181818181818182,0.7438719483256316,0.6346302212571138
adasyn,0.5,XGBoost,3,confirm,0.9411764705882353,0.7567567567567568,0.8389513108614233,0.8209877201723401,0.8437091654028916
diffusion,2.0,LogisticRegression,3,confirm,0.7785714285714286,0.7364864864864865,0.7569444444444444,0.7156644298133383,0.7568274687958244
diffusion,2.0,RandomForest,3,confirm,0.9411764705882353,0.7567567567567568,0.8389513108614233,0.8225450502061022,0.8437091654028916
diffusion,10.0,MLP,3,confirm,0.28501228501228504,0.7837837837837838,0.418018018018018,0.7097582015479387,0.47129817649937483
diffusion,0.5,XGBoost,3,confirm,0.9338842975206612,0.7635135135135135,0.8401486988847584,0.8355724999598974,0.844175649525994
ctgan,5.0,LogisticRegression,3,confirm,0.8559322033898306,0.6824324324324325,0.7593984962406015,0.7176128070254431,0.7639172096940944
ctgan,0.5,RandomForest,3,confirm,0.9024390243902439,0.75,0.8191881918819188,0.8101966468452325,0.8224214981685375
ctgan,10.0,MLP,3,confirm,0.5301724137931034,0.831081081081081,0.6473684210526316,0.7597128972611585,0.6630952349628787
ctgan,5.0,XGBoost,3,confirm,0.9147286821705426,0.7972972972972973,0.851985559566787,0.8346249409783588,0.853763679724052
none,0.0,LogisticRegression,4,confirm,0.8504672897196262,0.6148648648648649,0.7137254901960784,0.7079521311988636,0.7227394748444592
none,0.0,RandomForest,4,confirm,0.9401709401709402,0.7432432432432432,0.8301886792452831,0.8131074143859731,0.8356838955694351
none,0.0,MLP,4,confirm,0.18075801749271136,0.8378378378378378,0.2973621103117506,0.7069232942869901,0.38732354954948806
none,0.0,XGBoost,4,confirm,0.940677966101695,0.75,0.8345864661654135,0.830748052191741,0.8397059505696425
ros,2.0,LogisticRegression,4,confirm,0.7801418439716312,0.7432432432432432,0.7612456747404844,0.718369085522367,0.7610654905148729
ros,2.0,RandomForest,4,confirm,0.8778625954198473,0.777027027027027,0.8243727598566308,0.8100708089170591,0.825625699663442
ros,10.0,MLP,4,confirm,0.466403162055336,0.7972972972972973,0.5885286783042394,0.7586442214312596,0.608969268927712
ros,5.0,XGBoost,4,confirm,0.8846153846153846,0.777027027027027,0.8273381294964028,0.8309670664065237,0.8288027504619272
smote,5.0,LogisticRegression,4,confirm,0.7793103448275862,0.7635135135135135,0.7713310580204779,0.7195486963599539,0.7709789044835109
smote,5.0,RandomForest,4,confirm,0.8676470588235294,0.7972972972972973,0.8309859154929577,0.8180353230645613,0.8314500834753784
smote,10.0,MLP,4,confirm,0.4594594594594595,0.8040540540540541,0.5847665847665847,0.7555148495346622,0.6069620487408329
smote,0.5,XGBoost,4,confirm,0.9304347826086956,0.722972972972973,0.8136882129277566,0.8202502800395473,0.8199052328846858
adasyn,2.0,LogisticRegression,4,confirm,0.7446808510638298,0.7094594594594594,0.726643598615917,0.6864961192023948,0.7263946248601735
adasyn,0.5,RandomForest,4,confirm,0.9105691056910569,0.7567567567567568,0.8265682656826568,0.8201362973039111,0.8298449494885254
adasyn,10.0,MLP,4,confirm,0.49166666666666664,0.7972972972972973,0.6082474226804123,0.7424658762926853,0.6253167468774073
adasyn,0.5,XGBoost,4,confirm,0.9572649572649573,0.7567567567567568,0.8452830188679246,0.8326499911531021,0.8509061934211533
diffusion,2.0,LogisticRegression,4,confirm,0.7785714285714286,0.7364864864864865,0.7569444444444444,0.7156644298133383,0.7568274687958244
diffusion,2.0,RandomForest,4,confirm,0.9112903225806451,0.7635135135135135,0.8308823529411765,0.8203736501627727,0.833877564554466
diffusion,10.0,MLP,4,confirm,0.2826603325415677,0.8040540540540541,0.4182776801405975,0.7486223025753327,0.47539492895055696
diffusion,0.5,XGBoost,4,confirm,0.9421487603305785,0.7702702702702703,0.8475836431226765,0.8390590742197754,0.8516601125195125
ctgan,5.0,LogisticRegression,4,confirm,0.8559322033898306,0.6824324324324325,0.7593984962406015,0.7176128070254431,0.7639172096940944
ctgan,0.5,RandomForest,4,confirm,0.8951612903225806,0.75,0.8161764705882353,0.8052062495747226,0.8190905629888426
ctgan,10.0,MLP,4,confirm,0.5540540540540541,0.831081081081081,0.6648648648648648,0.7677214756498912,0.6779213102028121
ctgan,5.0,XGBoost,4,confirm,0.9365079365079365,0.7972972972972973,0.8613138686131386,0.8258725130700848,0.8638906696369366
none,0.0,LogisticRegression,5,confirm,0.8504672897196262,0.6148648648648649,0.7137254901960784,0.7079521311988636,0.7227394748444592
none,0.0,RandomForest,5,confirm,0.9256198347107438,0.7567567567567568,0.8327137546468402,0.8086794346376827,0.8366911865324755
none,0.0,MLP,5,confirm,0.22363636363636363,0.831081081081081,0.3524355300859599,0.7712538364374221,0.42953128301534416
none,0.0,XGBoost,5,confirm,0.9557522123893806,0.7297297297297297,0.8275862068965517,0.8282375205067639,0.8348908495530423
ros,2.0,LogisticRegression,5,confirm,0.7801418439716312,0.7432432432432432,0.7612456747404844,0.718369085522367,0.7610654905148729
ros,2.0,RandomForest,5,confirm,0.8778625954198473,0.777027027027027,0.8243727598566308,0.8091983249579503,0.825625699663442
ros,10.0,MLP,5,confirm,0.49377593360995853,0.8040540540540541,0.6118251928020566,0.7577936444622164,0.6293195464616578
ros,5.0,XGBoost,5,confirm,0.9133858267716536,0.7837837837837838,0.8436363636363636,0.8317623222723067,0.845863626740505
smote,5.0,LogisticRegression,5,confirm,0.7793103448275862,0.7635135135135135,0.7713310580204779,0.7195486963599539,0.7709789044835109
smote,5.0,RandomForest,5,confirm,0.851063829787234,0.8108108108108109,0.8304498269896193,0.8234084393117058,0.8304072218242718
smote,10.0,MLP,5,confirm,0.5043103448275862,0.7905405405405406,0.6157894736842106,0.7300669876661514,0.6306431001858879
smote,0.5,XGBoost,5,confirm,0.9495798319327731,0.7635135135135135,0.846441947565543,0.818432659494734,0.8512561725251163
adasyn,2.0,LogisticRegression,5,confirm,0.7446808510638298,0.7094594594594594,0.726643598615917,0.6864961192023948,0.7263946248601735
adasyn,0.5,RandomForest,5,confirm,0.9186991869918699,0.7635135135135135,0.8339483394833949,0.8163365413381859,0.8372684008085133
adasyn,10.0,MLP,5,confirm,0.5234042553191489,0.831081081081081,0.6422976501305483,0.6907532455882707,0.6588327890038485
adasyn,0.5,XGBoost,5,confirm,0.9316239316239316,0.7364864864864865,0.8226415094339623,0.816955621608902,0.8280727466435761
diffusion,2.0,LogisticRegression,5,confirm,0.7785714285714286,0.7364864864864865,0.7569444444444444,0.7156644298133383,0.7568274687958244
diffusion,2.0,RandomForest,5,confirm,0.92,0.777027027027027,0.8424908424908425,0.8243420715012314,0.8452552894445837
diffusion,10.0,MLP,5,confirm,0.35347432024169184,0.7905405405405406,0.48851774530271397,0.7371572417522572,0.5275053676668926
diffusion,0.5,XGBoost,5,confirm,0.9338842975206612,0.7635135135135135,0.8401486988847584,0.829456708149709,0.844175649525994
ctgan,5.0,LogisticRegression,5,confirm,0.8559322033898306,0.6824324324324325,0.7593984962406015,0.7176128070254431,0.7639172096940944
ctgan,0.5,RandomForest,5,confirm,0.9224137931034483,0.722972972972973,0.8106060606060606,0.8043570529791794,0.816355052508812
ctgan,10.0,MLP,5,confirm,0.4460431654676259,0.8378378378378378,0.5821596244131455,0.7964007977937944,0.610467781452982
ctgan,5.0,XGBoost,5,confirm,0.937007874015748,0.8040540540540541,0.8654545454545455,0.8233190269594322,0.8677809743455378
none,0.0,LogisticRegression,6,confirm,0.8504672897196262,0.6148648648648649,0.7137254901960784,0.7079521311988636,0.7227394748444592
none,0.0,RandomForest,6,confirm,0.9396551724137931,0.7364864864864865,0.8257575757575758,0.8111059191680715,0.8316427333278137
none,0.0,MLP,6,confirm,0.17956204379562044,0.831081081081081,0.29531812725090034,0.7404139143040879,0.3844532631225752
none,0.0,XGBoost,6,confirm,0.957983193277311,0.7702702702702703,0.8539325842696629,0.8349102257081276,0.8588031796473411
ros,2.0,LogisticRegression,6,confirm,0.7801418439716312,0.7432432432432432,0.7612456747404844,0.718369085522367,0.7610654905148729
ros,2.0,RandomForest,6,confirm,0.875968992248062,0.7635135135135135,0.8158844765342961,0.8064603857204691,0.8175186182282635
ros,10.0,MLP,6,confirm,0.5514018691588785,0.7972972972972973,0.6519337016574586,0.7763438795305597,0.6623672450562723
ros,5.0,XGBoost,6,confirm,0.896,0.7567567567567568,0.8205128205128205,0.8274051931959628,0.8231635577970403
smote,5.0,LogisticRegression,6,confirm,0.7793103448275862,0.7635135135135135,0.7713310580204779,0.7195486963599539,0.7709789044835109
smote,5.0,RandomForest,6,confirm,0.8613138686131386,0.7972972972972973,0.8280701754385965,0.8167663260525061,0.8284027071176456
smote,10.0,MLP,6,confirm,0.2875,0.777027027027027,0.4197080291970803,0.7461030059502857,0.4713113763149137
smote,0.5,XGBoost,6,confirm,0.9655172413793104,0.7567567567567568,0.8484848484848485,0.8282041111652743,0.8545742545563161
adasyn,2.0,LogisticRegression,6,confirm,0.7446808510638298,0.7094594594594594,0.726643598615917,0.6864961192023948,0.7263946248601735
adasyn,0.5,RandomForest,6,confirm,0.9112903225806451,0.7635135135135135,0.8308823529411765,0.8165284416365324,0.833877564554466
adasyn,10.0,MLP,6,confirm,0.44787644787644787,0.7837837837837838,0.5700245700245701,0.7227875091898944,0.591602579731442
adasyn,0.5,XGBoost,6,confirm,0.926829268292683,0.7702702702702703,0.8413284132841329,0.8359656425466722,0.8446918521285012
diffusion,2.0,LogisticRegression,6,confirm,0.7785714285714286,0.7364864864864865,0.7569444444444444,0.7156644298133383,0.7568274687958244
diffusion,2.0,RandomForest,6,confirm,0.8976377952755905,0.7702702702702703,0.8290909090909091,0.8228863261679772,0.831252061670483
diffusion,10.0,MLP,6,confirm,0.2603938730853392,0.8040540540540541,0.3933884297520661,0.6774714452089488,0.4561423731779187
diffusion,0.5,XGBoost,6,confirm,0.9495798319327731,0.7635135135135135,0.846441947565543,0.8321858495504905,0.8512561725251163
ctgan,5.0,LogisticRegression,6,confirm,0.8559322033898306,0.6824324324324325,0.7593984962406015,0.7176128070254431,0.7639172096940944
ctgan,0.5,RandomForest,6,confirm,0.9032258064516129,0.7567567567567568,0.8235294117647058,0.8023784795562635,0.8264840637716543
ctgan,10.0,MLP,6,confirm,0.47674418604651164,0.831081081081081,0.6059113300492611,0.7856431664579491,0.6286613318115398
ctgan,5.0,XGBoost,6,confirm,0.9448818897637795,0.8108108108108109,0.8727272727272727,0.8306655629913999,0.8750867568805487
none,0.0,LogisticRegression,7,confirm,0.8504672897196262,0.6148648648648649,0.7137254901960784,0.7079521311988636,0.7227394748444592
none,0.0,RandomForest,7,confirm,0.9316239316239316,0.7364864864864865,0.8226415094339623,0.8087407936474679,0.8280727466435761
none,0.0,MLP,7,confirm,0.19314641744548286,0.8378378378378378,0.3139240506329114,0.7125910896878486,0.4005208963136131
none,0.0,XGBoost,7,confirm,0.9576271186440678,0.7635135135135135,0.849624060150376,0.8325554240092234,0.8548636987447522
ros,2.0,LogisticRegression,7,confirm,0.7801418439716312,0.7432432432432432,0.7612456747404844,0.718369085522367,0.7610654905148729
ros,2.0,RandomForest,7,confirm,0.8721804511278195,0.7837837837837838,0.8256227758007118,0.8057924016369572,0.8265186850826226
ros,10.0,MLP,7,confirm,0.5286343612334802,0.8108108108108109,0.64,0.7710128186402861,0.653982643344808
ros,5.0,XGBoost,7,confirm,0.9090909090909091,0.7432432432432432,0.8178438661710037,0.8257446930622259,0.8217222605454385
smote,5.0,LogisticRegression,7,confirm,0.7793103448275862,0.7635135135135135,0.7713310580204779,0.7195486963599539,0.7709789044835109
smote,5.0,RandomForest,7,confirm,0.8581560283687943,0.8175675675675675,0.8373702422145328,0.8179467278090471,0.8373413949552118
smote,10.0,MLP,7,confirm,0.35693215339233036,0.8175675675675675,0.49691991786447637,0.6341522883458562,0.5391153149455449
smote,0.5,XGBoost,7,confirm,0.9495798319327731,0.7635135135135135,0.846441947565543,0.8118974581265727,0.8512561725251163
adasyn,2.0,LogisticRegression,7,confirm,0.7446808510638298,0.7094594594594594,0.726643598615917,0.6864961192023948,0.7263946248601735
adasyn,0.5,RandomForest,7,confirm,0.9349593495934959,0.777027027027027,0.8487084870848709,0.8204929899811827,0.8521153034484891
adasyn,10.0,MLP,7,confirm,0.4549019607843137,0.7837837837837838,0.575682382133995,0.6874027283577109,0.596246296603265
adasyn,0.5,XGBoost,7,confirm,0.92,0.777027027027027,0.8424908424908425,0.8353143360869649,0.8452552894445837
diffusion,2.0,LogisticRegression,7,confirm,0.7785714285714286,0.7364864864864865,0.7569444444444444,0.7156644298133383,0.7568274687958244
diffusion,2.0,RandomForest,7,confirm,0.9262295081967213,0.7635135135135135,0.837037037037037,0.8218147689742397,0.8407008101152975
diffusion,10.0,MLP,7,confirm,0.3052109181141439,0.831081081081081,0.44646098003629764,0.7566725292126542,0.5024039617595136
diffusion,0.5,XGBoost,7,confirm,0.928,0.7837837837837838,0.8498168498168498,0.8301845657709561,0.8526191999937648
ctgan,5.0,LogisticRegression,7,confirm,0.8559322033898306,0.6824324324324325,0.7593984962406015,0.7176128070254431,0.7639172096940944
ctgan,0.5,RandomForest,7,confirm,0.8951612903225806,0.75,0.8161764705882353,0.8100533952392225,0.8190905629888426
ctgan,10.0,MLP,7,confirm,0.5931372549019608,0.8175675675675675,0.6875,0.7591661546417385,0.6957685989242876
ctgan,5.0,XGBoost,7,confirm,0.9375,0.8108108108108109,0.8695652173913043,0.8247809318432013,0.8716542498744857
none,0.0,LogisticRegression,8,confirm,0.8504672897196262,0.6148648648648649,0.7137254901960784,0.7079521311988636,0.7227394748444592
none,0.0,RandomForest,8,confirm,0.9469026548672567,0.722972972972973,0.8199233716475096,0.8128189497409798,0.827146343037183
none,0.0,MLP,8,confirm,0.12663316582914572,0.8513513513513513,0.2204724409448819,0.6906176633931159,0.3260368394162785
none,0.0,XGBoost,8,confirm,0.95,0.7702702702702703,0.8507462686567164,0.8371129004752516,0.8552093405496974
ros,2.0,LogisticRegression,8,confirm,0.7801418439716312,0.7432432432432432,0.7612456747404844,0.718369085522367,0.7610654905148729
ros,2.0,RandomForest,8,confirm,0.8712121212121212,0.777027027027027,0.8214285714285714,0.81238478463968,0.8224847914548116
ros,10.0,MLP,8,confirm,0.4959349593495935,0.8243243243243243,0.6192893401015228,0.737802971299531,0.6386228553200183
ros,5.0,XGBoost,8,confirm,0.9186991869918699,0.7635135135135135,0.8339483394833949,0.8293133977185168,0.8372684008085133
smote,5.0,LogisticRegression,8,confirm,0.7793103448275862,0.7635135135135135,0.7713310580204779,0.7195486963599539,0.7709789044835109
smote,5.0,RandomForest,8,confirm,0.8613138686131386,0.7972972972972973,0.8280701754385965,0.8231303624123931,0.8284027071176456
smote,10.0,MLP,8,confirm,0.4489051094890511,0.831081081081081,0.5829383886255924,0.6912677408737711,0.6099495095084484
smote,0.5,XGBoost,8,confirm,0.9646017699115044,0.7364864864864865,0.8352490421455939,0.8330690388883034,0.8426353560689014
adasyn,2.0,LogisticRegression,8,confirm,0.7446808510638298,0.7094594594594594,0.726643598615917,0.6864961192023948,0.7263946248601735
adasyn,0.5,RandomForest,8,confirm,0.9426229508196722,0.777027027027027,0.8518518518518519,0.8184660457593362,0.8556083491746256
adasyn,10.0,MLP,8,confirm,0.4816326530612245,0.7972972972972973,0.6005089058524173,0.734859726255459,0.6188756456650264
adasyn,0.5,XGBoost,8,confirm,0.9262295081967213,0.7635135135135135,0.837037037037037,0.8258176967238101,0.8407008101152975
diffusion,2.0,LogisticRegression,8,confirm,0.7785714285714286,0.7364864864864865,0.7569444444444444,0.7156644298133383,0.7568274687958244
diffusion,2.0,RandomForest,8,confirm,0.940677966101695,0.75,0.8345864661654135,0.8188840681861539,0.8397059505696425
diffusion,10.0,MLP,8,confirm,0.2987012987012987,0.777027027027027,0.43151969981238275,0.7351012933998605,0.4804718641838599
diffusion,0.5,XGBoost,8,confirm,0.912,0.7702702702702703,0.8351648351648352,0.8263988811510157,0.8378913788954025
ctgan,5.0,LogisticRegression,8,confirm,0.8559322033898306,0.6824324324324325,0.7593984962406015,0.7176128070254431,0.7639172096940944
ctgan,0.5,RandomForest,8,confirm,0.923728813559322,0.7364864864864865,0.8195488721804511,0.8071005141114592,0.8245482023945329
ctgan,10.0,MLP,8,confirm,0.5102880658436214,0.8378378378378378,0.6342710997442456,0.7726753810940802,0.6531394182231234
ctgan,5.0,XGBoost,8,confirm,0.936,0.7905405405405406,0.8571428571428571,0.8365643260775334,0.859983110542946
none,0.0,LogisticRegression,9,confirm,0.8504672897196262,0.6148648648648649,0.7137254901960784,0.7079521311988636,0.7227394748444592
none,0.0,RandomForest,9,confirm,0.9401709401709402,0.7432432432432432,0.8301886792452831,0.8119170004256668,0.8356838955694351
none,0.0,MLP,9,confirm,0.1561712846347607,0.8378378378378378,0.2632696390658174,0.7386981171579308,0.35970008614435384
none,0.0,XGBoost,9,confirm,0.9583333333333334,0.777027027027027,0.8582089552238806,0.8368238281649912,0.8627248800636111
ros,2.0,LogisticRegression,9,confirm,0.7801418439716312,0.7432432432432432,0.7612456747404844,0.718369085522367,0.7610654905148729
ros,2.0,RandomForest,9,confirm,0.8702290076335878,0.7702702702702703,0.8172043010752689,0.8083107739445535,0.8184321518508567
ros,10.0,MLP,9,confirm,0.575,0.777027027027027,0.6609195402298851,0.7680182140185211,0.6677702491583445
ros,5.0,XGBoost,9,confirm,0.9126984126984127,0.777027027027027,0.8394160583941606,0.8299530318227061,0.8418866492711792
smote,5.0,LogisticRegression,9,confirm,0.7793103448275862,0.7635135135135135,0.7713310580204779,0.7195486963599539,0.7709789044835109
smote,5.0,RandomForest,9,confirm,0.8740740740740741,0.7972972972972973,0.833922261484099,0.8194243283958947,0.8345312299214956
smote,10.0,MLP,9,confirm,0.4336917562724014,0.8175675675675675,0.5667447306791569,0.6996455877348354,0.5945673514496906
smote,0.5,XGBoost,9,confirm,0.9652173913043478,0.75,0.844106463878327,0.8248129437540815,0.8506130631937396
adasyn,2.0,LogisticRegression,9,confirm,0.7446808510638298,0.7094594594594594,0.726643598615917,0.6864961192023948,0.7263946248601735
adasyn,0.5,RandomForest,9,confirm,0.9327731092436975,0.75,0.8314606741573034,0.812066674738712,0.8361621582806669
adasyn,10.0,MLP,9,confirm,0.5342465753424658,0.7905405405405406,0.6376021798365122,0.7447612371686116,0.6491668320595976
adasyn,0.5,XGBoost,9,confirm,0.9495798319327731,0.7635135135135135,0.846441947565543,0.8343847016659622,0.8512561725251163
diffusion,2.0,LogisticRegression,9,confirm,0.7785714285714286,0.7364864864864865,0.7569444444444444,0.7156644298133383,0.7568274687958244
diffusion,2.0,RandomForest,9,confirm,0.9338842975206612,0.7635135135135135,0.8401486988847584,0.8234622730509351,0.844175649525994
diffusion,10.0,MLP,9,confirm,0.2765957446808511,0.7905405405405406,0.4098073555166375,0.67152613233611,0.4662412571060217
diffusion,0.5,XGBoost,9,confirm,0.9663865546218487,0.777027027027027,0.8614232209737828,0.831659901514921,0.8663501867695659
ctgan,5.0,LogisticRegression,9,confirm,0.8559322033898306,0.6824324324324325,0.7593984962406015,0.7176128070254431,0.7639172096940944
ctgan,0.5,RandomForest,9,confirm,0.9243697478991597,0.7432432432432432,0.8239700374531835,0.8087213065344719,0.8286151511584421
ctgan,10.0,MLP,9,confirm,0.4659090909090909,0.831081081081081,0.5970873786407767,0.780794936027246,0.6214455778585048
ctgan,5.0,XGBoost,9,confirm,0.9448818897637795,0.8108108108108109,0.8727272727272727,0.8365739088627321,0.8750867568805487
