method,ratio,classifier,f1_mean,f1_std,auprc_mean,auprc_std,mcc_mean
adasyn,0.5,LogisticRegression,0.6940298507462687,0.0,0.7044144540593464,0.0,0.6973830107575109
adasyn,0.5,MLP,0.3992392170154872,0.007330973248904975,0.7408020390975109,0.03336637341159956,0.4654387986875917
adasyn,0.5,RandomForest,0.8406427124663838,0.009444962268855696,0.8170706174703797,0.002453408067692472,0.844427341668689
adasyn,0.5,XGBoost,0.8394534521218795,0.006955253323447815,0.8286753458987773,0.0066208645095101396,0.8437144222725971
adasyn,1.0,LogisticRegression,0.7266187050359713,0.0,0.6950221718608862,0.0,0.7277070707501322
adasyn,1.0,MLP,0.47539977710156905,0.035349267641072324,0.7566529668374491,0.013938848126031349,0.5211077042051364
adasyn,1.0,RandomForest,0.8423641600290921,0.005577019257068821,0.822784772097752,0.0012929286835116885,0.8458540061039203
adasyn,1.0,XGBoost,0.8284114755229726,0.003454769096438711,0.8197096983813772,0.0031200659663143115,0.831428722567035
adasyn,2.0,LogisticRegression,0.726643598615917,0.0,0.6864961192023948,0.0,0.7263946248601735
adasyn,2.0,MLP,0.5436557592955698,0.043221971342455465,0.7545461606918421,0.014944618120839647,0.5738908537308235
adasyn,2.0,RandomForest,0.8453920846583401,0.013713113046235797,0.8250198958477446,0.001960974685184159,0.8480383522726713
adasyn,2.0,XGBoost,0.8326546375387539,0.008142712301099336,0.8198735017791862,0.004424177179688443,0.835414166154219
adasyn,5.0,LogisticRegression,0.6811145510835913,0.0,0.6754838246089502,0.0,0.6829140267044749
adasyn,5.0,MLP,0.5909233243733536,0.008389136857241145,0.7627062136235584,0.012276297939093772,0.610628834050936
adasyn,5.0,RandomForest,0.8296364604912835,0.006328612387408673,0.8266572194128333,0.0010255735134311983,0.8301600505563315
adasyn,5.0,XGBoost,0.771510931308239,0.0216000454344126,0.7930579037648601,0.00900596736576328,0.7714635771960006
adasyn,10.0,LogisticRegression,0.5253456221198156,0.0,0.661215176140247,0.0,0.5531006057400543
adasyn,10.0,MLP,0.6165047975391578,0.02717450126432671,0.7332145811577833,0.025870387382435266,0.6327429176308671
adasyn,10.0,RandomForest,0.8033023531926915,0.010445456744658457,0.8267882307586888,0.0018943660954187768,0.8030893565834175
adasyn,10.0,XGBoost,0.7726684978015297,0.013272658388306434,0.7867280388089434,0.006395215057453596,0.7723914358883492
ctgan,0.5,LogisticRegression,0.7114624505928854,0.0,0.7174552956366341,0.0,0.7215757773960791
ctgan,0.5,MLP,0.3216798771186267,0.06628610813395051,0.7384618035562941,0.021939216467951116,0.40703506307325826
ctgan,0.5,RandomForest,0.8191904941075038,0.0042324725908782675,0.8073542873534905,0.0028763264930882163,0.8232089688177588
ctgan,0.5,XGBoost,0.8393444156087068,0.0013930594977991978,0.824483596121279,0.01109814197814013,0.8438821145157608
ctgan,1.0,LogisticRegression,0.7165354330708661,0.0,0.7181552607866158,0.0,0.7261502159368178
ctgan,1.0,MLP,0.4165455437643131,0.09372514808029143,0.7522004636837357,0.0017536089524854805,0.48026067013373724
ctgan,1.0,RandomForest,0.8161838252189891,0.0030006961073161063,0.8055927115515192,0.0008700407299577206,0.8191039028017464
ctgan,1.0,XGBoost,0.8373157193217476,0.0165612967231971,0.8241339283314897,0.010199716178811501,0.8408013295970082
ctgan,2.0,LogisticRegression,0.7237354085603113,0.0,0.7178328630405054,0.0,0.731829499243997
ctgan,2.0,MLP,0.46287090686407883,0.052878906352550714,0.7515852630091882,0.021136660927364756,0.5152279172100322
ctgan,2.0,RandomForest,0.8137546448695726,0.010345672634051235,0.8057309958319694,0.0016351053557530594,0.8166789490976254
ctgan,2.0,XGBoost,0.8480169485055541,0.004831625337847349,0.8261492668492938,0.0086741226799209,0.8511914749244222
ctgan,5.0,LogisticRegression,0.7593984962406015,0.0,0.7176128070254431,0.0,0.7639172096940944
ctgan,5.0,MLP,0.5196262155248885,0.013449185958709088,0.7769487357731363,0.0033597355167451263,0.5594787998124732
ctgan,5.0,RandomForest,0.8131940872924127,0.002978752904284161,0.7991147759689055,0.0035068188720501913,0.8158127218956238
ctgan,5.0,XGBoost,0.8656677718428101,0.00717716338493685,0.831612312217122,0.00516238060918418,0.8680949410728556
ctgan,10.0,LogisticRegression,0.752851711026616,0.0,0.7131786487621204,0.0,0.7584895722665778
ctgan,10.0,MLP,0.6328788879235538,0.03809554909356877,0.7781713285786311,0.012967523179591937,0.6512989846059501
ctgan,10.0,RandomForest,0.8155363857553639,0.0017163432023686216,0.7974823051088128,0.002043887900666896,0.8177212073687814
ctgan,10.0,XGBoost,0.8515939539890853,0.003306913245938419,0.835774366459758,0.002570161284911197,0.8541455399730555
diffusion,0.5,LogisticRegression,0.7205882352941176,0.0,0.7154227150979408,0.0,0.7229750528122901
diffusion,0.5,MLP,0.32075390663006537,0.0076700421578338425,0.6935337305348582,0.03140664347215407,0.4034032467439946
diffusion,0.5,RandomForest,0.8295104660103642,0.012708922402520332,0.8138060246908854,0.0029744724547129016,0.8340814364864789
diffusion,0.5,XGBoost,0.8451761085380086,0.007825550290271596,0.8319146057365708,0.003806820957129499,0.8491834876142061
diffusion,1.0,LogisticRegression,0.7311827956989246,0.0,0.715564175206798,0.0,0.7321095780998327
diffusion,1.0,MLP,0.3971479355191174,0.037039510377841034,0.7585351428565626,0.011733964603125285,0.46378020379384005
diffusion,1.0,RandomForest,0.8400161053187425,0.010244637845782502,0.818786488916778,0.000447309564758546,0.8449786325737362
diffusion,1.0,XGBoost,0.8420358227628076,0.005973358141784028,0.8141939037053357,0.008139281367222435,0.8451487803801129
diffusion,2.0,LogisticRegression,0.7569444444444444,0.0,0.7156644298133383,0.0,0.7568274687958244
diffusion,2.0,MLP,0.3606261542760789,0.027362987532937633,0.7462251946524255,0.022342831952361964,0.43457911527934073
diffusion,2.0,RandomForest,0.8376373258062332,0.004964752424740894,0.8219508241185942,0.0016855964211586806,0.8417001015510295
diffusion,2.0,XGBoost,0.8175159585587951,0.009517934585497951,0.8061045215168511,0.0155265290824948,0.8199156920095549
diffusion,5.0,LogisticRegression,0.751592356687898,0.0,0.715883314132722,0.0,0.7523783518740749
diffusion,5.0,MLP,0.37213017557354666,0.044354398807494484,0.7050441931127661,0.02317475419646904,0.44047397078433076
diffusion,5.0,RandomForest,0.8248064388576385,0.0065287520705440754,0.8267981165181985,0.0011952463923371223,0.8259414308089648
diffusion,5.0,XGBoost,0.7926341327606092,0.005566149833017721,0.8035066512293388,0.003142960241783566,0.7924950514284065
diffusion,10.0,LogisticRegression,0.6051282051282051,0.0,0.7034890028806063,0.0,0.6227163941662138
diffusion,10.0,MLP,0.4266344563372571,0.0481380561817176,0.7190461754197924,0.028644358606781484,0.4808564918701458
diffusion,10.0,RandomForest,0.8141309577132999,0.009798260179846854,0.8270435193797078,0.002134956987125497,0.8146420162383078
diffusion,10.0,XGBoost,0.7747120222364554,0.02267523253850188,0.8025180158952155,0.010916277108413905,0.7745781772329204
none,0.0,LogisticRegression,0.7137254901960784,0.0,0.7079521311988636,0.0,0.7227394748444592
none,0.0,MLP,0.28704245108592397,0.051771074339572794,0.7236721976189319,0.022587815944942136,0.3786283369664384
none,0.0,RandomForest,0.8270151373305351,0.005680675448782914,0.810951029426106,0.0015183488681256544,0.8325997858762826
none,0.0,XGBoost,0.8463206644523489,0.010760715572254513,0.8340850541981126,0.002879027911003224,0.8514734886770293
ros,0.5,LogisticRegression,0.7368421052631579,0.0,0.715663177523823,0.0,0.74118058743143
ros,0.5,MLP,0.4351659896468317,0.045941499958105,0.761730206783583,0.011302394021383201,0.49413736946226194
ros,0.5,RandomForest,0.8276933682382276,0.011491923553504053,0.8103641492948106,0.003008481659957402,0.8311699815516023
ros,0.5,XGBoost,0.8352422277287189,0.01609840349021862,0.8208433323884446,0.007387687730608819,0.840004483013777
ros,1.0,LogisticRegression,0.7455197132616488,0.0,0.7149380273513378,0.0,0.7464966737250033
ros,1.0,MLP,0.46124538507742274,0.02857605347850236,0.7701681287553864,0.0136074538402278,0.5143370989791675
ros,1.0,RandomForest,0.8275335775335776,0.005958248258834948,0.8078260646871086,0.0033187619789844893,0.8294267848696705
ros,1.0,XGBoost,0.8306484923585296,0.012044994948251888,0.8296686480439573,0.008219927106850856,0.8343848580799627
ros,2.0,LogisticRegression,0.7612456747404844,0.0,0.718369085522367,0.0,0.7610654905148729
ros,2.0,MLP,0.5583679800080176,0.05904780647427295,0.7737590898019354,0.0043616997137942955,0.589270359706473
ros,2.0,RandomForest,0.8244985023113778,0.007156690033949888,0.8089866925303244,0.0023613578491305087,0.8257212208660263
ros,2.0,XGBoost,0.8331723191132353,0.00799590001363891,0.8181920306517684,0.010189467947936813,0.8340552740254977
ros,5.0,LogisticRegression,0.7600000000000001,0.0,0.7178484347950324,0.0,0.7596457654298229
ros,5.0,MLP,0.6306163439314498,0.005672916371951652,0.7796399863766497,0.009674954723609692,0.6463999308127244
ros,5.0,RandomForest,0.8261529964098315,0.0041905525836767625,0.8157868311997856,0.0015515904604797423,0.8264376445083689
ros,5.0,XGBoost,0.8353090811004732,0.010197743115181727,0.8320506942301703,0.004156227637282512,0.8374572895307748
ros,10.0,LogisticRegression,0.7452229299363057,0.0,0.7160345928489363,0.0,0.7459866892504929
ros,10.0,MLP,0.6334556998839715,0.021720962606662286,0.7704991523739431,0.015507615178494513,0.6479688170750129
ros,10.0,RandomForest,0.8256064162754303,0.00581038604862251,0.8155791150629232,0.001640359090826088,0.8257744104943185
ros,10.0,XGBoost,0.840689537463731,0.006547282230172962,0.8375513695846153,0.00209860433216372,0.8421526995110001
smote,0.5,LogisticRegression,0.7348484848484849,0.0,0.7121793741404575,0.0,0.7399166484138039
smote,0.5,MLP,0.33938623611785634,0.08255246334706383,0.7430345943157777,0.015123175888186331,0.4199481100954305
smote,0.5,RandomForest,0.8308823529411765,0.007352941176470645,0.8084475102102008,0.0022647628667552765,0.833877564554466
smote,0.5,XGBoost,0.8437558584427196,0.011987590317182807,0.8265555281868939,0.007797591659004054,0.8491531409460483
smote,1.0,LogisticRegression,0.7545787545787546,0.0,0.7162330180773534,0.0,0.7568883628544102
smote,1.0,MLP,0.4386761618248726,0.028251998309300825,0.7621496574975618,0.017029499335681243,0.4959693603279221
smote,1.0,RandomForest,0.8317348678601876,0.006118873495292244,0.8137881255988327,0.0014947309894550165,0.834379831228807
smote,1.0,XGBoost,0.8395229388064224,0.01265340326356932,0.8302940125129329,0.005839086652775727,0.8432096493963815
smote,2.0,LogisticRegression,0.7578947368421053,0.0,0.7192934371781257,0.0,0.7580576200839838
smote,2.0,MLP,0.5008482531398023,0.04536659876540852,0.7657448887744264,0.0063310845377221505,0.5435987189542977
smote,2.0,RandomForest,0.826931234795557,0.00931034998691567,0.8107008120655346,0.002135165658528936,0.8285383053785571
smote,2.0,XGBoost,0.8406051341169002,0.006453104279341708,0.8257467806046049,0.003384275019892481,0.8413324878123444
smote,5.0,LogisticRegression,0.7713310580204779,0.0,0.7195486963599539,0.0,0.7709789044835109
smote,5.0,MLP,0.5816972667812766,0.022974539968290995,0.737528331896039,0.0387094276392354,0.6053376324298035
smote,5.0,RandomForest,0.8331031793514032,0.003656099031381091,0.8196380914779777,0.002376230773399025,0.8334598568926861
smote,5.0,XGBoost,0.8430415946131028,0.014161554218636586,0.8339293463838501,0.005671293488376387,0.8434585580155289
smote,10.0,LogisticRegression,0.760655737704918,0.0,0.7199218232303354,0.0,0.7605605414039166
smote,10.0,MLP,0.5593742234030464,0.06281713976715933,0.7339590113987652,0.046197915040209495,0.5873185402705683
smote,10.0,RandomForest,0.8230582809187181,0.011498650386680692,0.8221284798311527,0.002498701683254922,0.8229610360696947
smote,10.0,XGBoost,0.8348728260071584,0.011329970296899614,0.8332424273420848,0.0027787781140797383,0.835064254208533
